ano,cnpj,ativo,passivo,pl (C+D),num_cotas,cota_patr,fc_op,fc_inv,fc_fin,var_caixa (F+G+H),distrib,tx_adm,distr/fcop,distrib_min,variacao_cota,dy,rentab,rentab_report,abl (m2),area_cert (m2),props,cert_props,greenness_area,greenness_prop
2015,00332266000131,"471,807.00","-1,776.00","470,031.00","2,584.40",181.87,"29,299.00","-7,602.00","-26,194.00","-4,497.00","26,194.00",522.00,0.89,"27,834.05",-0.14,0.05,-0.09,-0.09,"57,258.00",0.00,1.00,0.00,0.00,0.00
2016,00332266000131,"463,624.00","-2,348.00","461,276.00","2,584.40",178.48,"32,325.00","-4,814.00","-29,631.00","-2,120.00","29,742.00",664.00,0.92,"30,708.75",-0.02,0.06,0.04,0.05,"57,258.00",0.00,1.00,0.00,0.00,0.00
2012,00762723000128,"79,378.00","-2,034.00","77,344.00","36,319.91",2.13,"6,842.00",0.00,"-7,778.00",-936.00,"7,778.00",149.00,1.14,"6,499.90",1.05,0.21,1.25,0.10,"45,649.90",0.00,1.00,0.00,0.00,0.00
2013,00762723000128,"134,207.00",-966.00,"133,241.00","36,319.91",3.67,"11,583.00",0.00,"-11,515.00",68.00,"11,515.00",216.00,0.99,"11,003.85",0.72,0.15,0.87,0.87,"45,649.90",0.00,1.00,0.00,0.00,0.00
2014,00762723000128,"129,548.00",-682.00,"128,866.00","36,319.91",3.55,"12,668.00",0.00,"-12,680.00",-12.00,"12,680.00",253.00,1.00,"12,034.60",-0.03,0.10,0.06,0.06,"45,649.90",0.00,1.00,0.00,0.00,0.00
2015,00762723000128,"122,374.00","-1,265.00","121,109.00","36,319.91",3.33,"13,529.00",0.00,"-13,169.00",360.00,"13,752.00",263.00,1.02,"12,852.55",-0.06,0.11,0.05,0.05,"45,649.90",0.00,1.00,0.00,0.00,0.00
2016,00762723000128,"123,561.00","-1,241.00","122,320.00","36,319.91",3.37,"13,862.00",0.00,"-14,110.00",-248.00,"12,669.00",289.00,0.91,"13,168.90",0.01,0.10,0.11,0.11,"47,588.54",0.00,1.00,0.00,0.00,0.00
2015,00868235000108,"94,363.00","-2,146.00","92,217.00","54,316.00",1.70,"6,368.00",-380.00,"-4,217.00","1,771.00","6,100.00",233.00,0.96,"6,049.60",-0.10,0.06,-0.04,-0.04,"13,449.00",0.00,2.00,0.00,0.00,0.00
2016,00868235000108,"102,613.00",-637.00,"101,976.00","54,316.00",1.88,"4,400.00",-560.00,"-5,412.00","-1,572.00","4,205.00",264.00,0.96,"4,180.00",0.11,0.05,0.15,0.16,"13,449.00",0.00,2.00,0.00,0.00,0.00
2004,01201140000190,"57,553.00","-2,201.00","55,352.00","40,000.00",1.38,"18,403.00",0.00,"-18,475.00",-72.00,"18,475.00",154.00,1.00,"17,482.85",-0.01,0.33,0.32,0.33,"32,705.92",0.00,1.00,0.00,0.00,0.00
2005,01201140000190,"57,556.00","-3,603.00","53,953.00","40,000.00",1.35,"19,570.00",0.00,"-19,529.00",41.00,"19,529.00",163.00,1.00,"18,591.50",-0.03,0.35,0.33,0.34,"30,144.91",0.00,1.00,0.00,0.00,0.00
2006,01201140000190,"56,064.00","-1,461.00","54,603.00","40,000.00",1.37,"20,128.00",0.00,"-19,613.00",515.00,"19,613.00",170.00,0.97,"19,121.60",0.01,0.36,0.38,0.55,"30,144.91",0.00,1.00,0.00,0.00,0.00
2007,01201140000190,"55,423.00","-1,729.00","53,694.00","40,000.00",1.34,"22,095.00",0.00,"-21,685.00",410.00,"21,685.00",172.00,0.98,"20,990.25",-0.02,0.40,0.38,0.40,"36,463.08",0.00,1.00,0.00,0.00,0.00
2008,01201140000190,"55,719.00","-1,405.00","54,314.00","40,000.00",1.36,"24,744.00",0.00,"-23,665.00","1,079.00","23,665.00",179.00,0.96,"23,506.80",0.01,0.44,0.45,0.46,"36,464.08",0.00,1.00,0.00,0.00,0.00
2009,01201140000190,"80,382.00","-1,488.00","78,894.00","48,655.84",1.62,"28,707.00",0.00,"-27,767.00",940.00,"27,767.00",177.00,0.97,"27,271.65",0.19,0.51,0.71,0.62,"60,008.68",0.00,2.00,0.00,0.00,0.00
2010,01201140000190,"83,572.00","-5,043.00","78,529.00","48,655.84",1.61,"32,500.00","-1,888.00","-28,792.00","1,820.00","28,792.00",249.00,0.89,"30,875.00",0.00,0.36,0.36,0.61,"60,008.68",0.00,2.00,0.00,0.00,0.00
2011,01201140000190,"177,081.00","-40,241.00","136,840.00","56,538.19",2.42,"39,480.00","-47,334.00","50,627.00","42,773.00","20,178.00",267.00,0.51,"37,506.00",0.50,0.26,0.76,0.65,"60,077.30",0.00,1.00,0.00,0.00,0.00
2012,01201140000190,"575,011.00","-23,054.00","551,957.00","61,019.17",9.05,"35,161.00","-57,735.00","-20,985.00","-43,559.00","31,814.00",298.00,0.90,"33,402.95",2.74,0.23,2.97,0.24,"69,999.72",0.00,1.00,0.00,0.00,0.00
2013,01201140000190,"670,238.00","-20,345.00","649,893.00","61,019.17",10.65,"43,784.00","-5,627.00","-40,013.00","-1,856.00","40,013.00",440.00,0.91,"41,594.80",0.18,0.07,0.25,0.29,"69,400.28",0.00,1.00,0.00,0.00,0.00
2014,01201140000190,"660,100.00","-16,212.00","643,888.00","61,019.17",10.55,"50,536.00",-434.00,"-50,115.00",-13.00,"50,115.00",507.00,0.99,"48,009.20",-0.01,0.08,0.07,0.10,"69,317.00",0.00,1.00,0.00,0.00,0.00
2015,01201140000190,"646,463.00","-12,409.00","634,054.00","61,019.17",10.39,"51,244.00",0.00,"-51,347.00",-103.00,"50,371.00",525.00,0.98,"48,681.80",-0.02,0.08,0.06,0.06,"69,687.00",0.00,1.00,0.00,0.00,0.00
2016,01201140000190,"691,940.00","-12,499.00","679,441.00","61,019.17",11.13,"57,477.00",0.00,"-54,600.00","2,877.00","48,116.00",638.00,0.84,"54,603.15",0.07,0.08,0.15,0.15,"69,999.72",0.00,1.00,0.00,0.00,0.00
2002,01235622000161,"103,031.00","-23,075.00","79,956.00",42.63,"1,875.49","-11,492.00","-1,278.00",0.00,"-12,770.00","5,890.00",80.00,NA,0.00,-0.07,0.07,0.00,0.03,,,,,0.00,0.00
2003,01235622000161,"107,273.00","-23,581.00","83,692.00",42.63,"1,963.13","5,590.00",-6.00,0.00,"5,584.00","4,702.00",85.00,0.84,"5,310.50",0.05,0.06,0.11,0.05,,,,,0.00,0.00
2004,01235622000161,"115,908.00","-46,228.00","69,680.00",42.63,"1,634.45","8,026.00","2,308.00",0.00,"10,334.00","13,444.00",81.00,1.68,"7,624.70",-0.17,0.16,-0.01,-0.17,,,,,0.00,0.00
2005,01235622000161,"112,266.00","-42,408.00","69,858.00",42.63,"1,638.63",-88.00,"-1,322.00",0.00,"-1,410.00",0.00,70.00,NA,0.00,0.00,0.00,0.00,-0.03,,,,,0.00,0.00
2006,01235622000161,"92,538.00","-51,921.00","40,617.00",42.63,952.74,"9,613.00",-465.00,"-17,215.00","-8,067.00",0.00,65.00,0.00,"9,132.35",-0.42,0.00,-0.42,-0.40,,,,,0.00,0.00
2007,01235622000161,"117,698.00","-39,438.00","78,260.00",79.41,985.53,"49,519.00","-38,616.00","-18,146.00","-7,243.00","4,605.60",53.00,0.09,"47,043.05",0.03,0.11,0.15,0.03,,,,,0.00,0.00
2008,01235622000161,"213,153.00","-50,790.00","162,363.00",160.64,"1,010.73","89,216.00","-86,121.00",0.00,"3,095.00","11,956.00",138.00,0.13,"84,755.20",0.03,0.15,0.18,0.03,,,,,0.00,0.00
2009,01235622000161,"348,506.00","-78,917.00","269,589.00",259.36,"1,039.46","36,683.00","-136,079.00","101,474.00","2,078.00","12,083.00",243.00,0.33,"34,848.85",0.03,0.07,0.10,0.03,,,,,0.00,0.00
2010,01235622000161,"586,893.00","-181,440.00","405,453.00",365.32,"1,109.86","8,771.00","-116,199.00","142,108.00","34,680.00","7,288.00",863.00,0.83,"8,332.45",0.07,0.03,0.09,0.07,,,,,0.00,0.00
2011,01235622000161,"798,128.00","-205,059.00","593,069.00",457.38,"1,296.68","-24,672.00","-172,434.00","174,224.00","-22,882.00","12,154.00","2,400.00",NA,0.00,0.17,0.03,0.20,0.24,,,,,0.00,0.00
2012,01235622000161,"2,135,869.00","-271,601.00","1,864,268.00",550.69,"3,385.31","194,606.00","-172,213.00","113,809.00","136,202.00","166,179.00","5,083.00",0.85,"184,875.70",1.61,0.28,1.89,0.26,,,,,0.00,0.00
2013,01235622000161,"2,774,270.00","-306,968.00","2,467,302.00",624.50,"3,950.88","41,553.00","-120,272.00","60,646.00","-18,073.00","212,283.00","8,199.00",5.11,"39,475.35",0.17,0.11,0.28,0.38,,,,,0.00,0.00
2014,01235622000161,"2,350,662.00","-120,955.00","2,229,707.00",642.48,"3,470.47","33,114.00","628,884.00","-660,886.00","1,112.00","732,264.00","12,892.00",22.11,"31,458.30",-0.12,0.30,0.18,0.37,,,,,0.00,0.00
2015,01235622000161,"2,372,313.00","-89,857.00","2,282,456.00",674.84,"3,382.23","157,176.00","-124,972.00","-77,619.00","-45,415.00","195,769.00","11,784.00",1.25,"149,317.20",-0.03,0.09,0.06,0.12,,,,,0.00,0.00
2016,01235622000161,"2,092,341.00","-70,725.00","2,021,616.00",692.26,"2,920.33","-118,917.00","173,571.00","-147,570.00","-92,916.00","207,565.00","11,804.00",NA,0.00,-0.14,0.09,-0.05,0.04,,,,,0.00,0.00
2012,01601918000159,"77,447.00","-4,746.00","72,701.00",500.00,145.40,"4,989.00",819.00,"-1,274.00","4,534.00","1,274.00",189.00,0.26,"4,739.55",1.14,0.04,1.18,0.10,"11,332.63",0.00,4.00,0.00,0.00,0.00
2013,01601918000159,"95,319.00","-5,506.00","89,813.00",500.00,179.63,"5,892.00","2,488.00","-4,725.00","3,655.00","4,726.00",228.00,0.80,"5,597.40",0.24,0.07,0.30,0.32,"11,332.63",0.00,4.00,0.00,0.00,0.00
2014,01601918000159,"79,034.00",-49.00,"78,985.00",500.00,157.97,"4,711.00",0.00,"-22,843.00","-18,132.00","4,571.00",262.00,0.97,"4,475.45",-0.12,0.05,-0.07,-0.07,"7,796.00",0.00,4.00,0.00,0.00,0.00
2015,01601918000159,"62,074.00",-46.00,"62,028.00",500.00,124.06,"9,929.00","4,659.00","-9,628.00","4,960.00","9,628.00",303.00,0.97,"9,432.55",-0.21,0.12,-0.09,-0.10,"10,361.49",0.00,4.00,0.00,0.00,0.00
2016,01601918000159,"63,491.00",-79.00,"63,412.00",500.00,126.82,"5,637.00",0.00,"-5,490.00",147.00,"5,500.00",334.00,0.98,"5,355.15",0.02,0.09,0.11,0.11,"7,388.55",0.00,4.00,0.00,0.00,0.00
2014,01633741000172,"95,584.00",-787.00,"94,797.00",508.01,186.61,"5,816.00",0.00,"-5,707.00",109.00,"5,664.00",329.00,0.97,"5,525.20",0.29,0.08,0.37,0.00,"3,549.00",0.00,1.00,0.00,0.00,0.00
2015,01633741000172,"93,103.00",-542.00,"92,561.00",508.01,182.20,"6,254.00",0.00,"-6,396.00",-142.00,"6,223.00",378.00,1.00,"5,941.30",-0.02,0.07,0.04,-0.02,"7,629.00",0.00,1.00,0.00,0.00,0.00
2016,01633741000172,"67,761.00",-201.00,"67,560.00",508.01,132.99,"3,783.00",0.00,"-3,978.00",-195.00,"3,587.00",300.00,0.95,"3,593.85",-0.27,0.04,-0.23,-0.27,"6,120.00",0.00,1.00,0.00,0.00,0.00
2015,02027437000144,"75,544.00",-595.00,"74,949.00",140.00,535.35,"4,815.00",0.00,"-4,673.00",142.00,"4,673.00",171.00,0.97,"4,574.25",NA,NA,NA,-0.05,"10,585.06",0.00,1.00,0.00,0.00,0.00
2016,02027437000144,"68,506.00",-298.00,"68,208.00",140.00,487.20,"5,482.00",0.00,"-5,803.00",-321.00,"5,760.00",223.00,1.05,"5,207.90",-0.09,0.08,-0.01,-0.03,"10,563.25",0.00,1.00,0.00,0.00,0.00
2015,02508235000114,"72,093.00",-203.00,"71,890.00",17.10,"4,204.09","9,335.00",0.00,"-9,956.00",-621.00,"9,956.00",373.00,1.07,"8,868.25",NA,NA,NA,0.11,"21,723.58",0.00,1.00,0.00,0.00,0.00
2016,02508235000114,"76,043.00",-249.00,"75,794.00",17.10,"4,432.40","9,851.00",0.00,"-9,575.00",276.00,"9,575.00",413.00,0.97,"9,358.45",0.05,0.13,0.19,0.19,"23,340.00",0.00,1.00,0.00,0.00,0.00
2014,03251720000118,"291,161.00","-4,080.00","287,081.00",750.00,382.77,"25,495.00",0.00,"-25,102.00",393.00,"25,087.00","1,371.00",0.98,"24,220.25",NA,NA,NA,0.00,"35,810.92",0.00,1.00,0.00,0.00,0.00
2015,03251720000118,"307,679.00","-4,218.00","303,461.00",750.00,404.61,"24,996.00",0.00,"-24,968.00",28.00,"24,862.00","1,371.00",0.99,"23,746.20",0.06,0.09,0.14,0.06,"35,810.92",0.00,1.00,0.00,0.00,0.00
2016,03251720000118,"276,261.00","-3,758.00","272,503.00",750.00,363.34,"20,312.00",0.00,"-19,953.00",359.00,"19,350.00","1,164.00",0.95,"19,296.40",-0.10,0.06,-0.04,-0.11,"35,811.92",0.00,1.00,0.00,0.00,0.00
2007,03507519000159,"96,917.00",-941.00,"95,976.00",531.00,180.75,"10,517.00",0.00,"4,830.00","15,347.00","10,457.00",164.00,0.99,"9,991.15",NA,NA,NA,0.15,"25,301.84",0.00,1.00,0.00,0.00,0.00
2008,03507519000159,"96,343.00","-1,434.00","94,909.00",531.00,178.74,"11,165.00","-2,271.00","-11,141.00","-2,247.00","11,141.00",178.00,1.00,"10,606.75",-0.01,0.12,0.10,0.11,"25,301.84",0.00,1.00,0.00,0.00,0.00
2009,03507519000159,"106,570.00","-2,421.00","104,149.00",531.00,196.14,"12,573.00","-10,961.00","-1,222.00",390.00,"10,924.00",189.00,0.87,"11,944.35",0.10,0.12,0.21,0.18,"25,301.84",0.00,1.00,0.00,0.00,0.00
2010,03507519000159,"110,336.61","-5,752.50","104,584.11",578.35,180.83,"15,338.00","-12,010.00","-10,791.00","-7,463.00","13,429.00",264.00,0.88,"14,571.10",-0.08,0.13,0.05,0.18,"25,301.84",0.00,1.00,0.00,0.00,0.00
2011,03507519000159,"111,996.00","-8,066.00","103,930.00",578.35,179.70,"19,922.00","-4,074.00","-17,078.00","-1,230.00","17,078.00",345.00,0.86,"18,925.90",-0.01,0.16,0.16,0.23,"35,369.16",0.00,1.00,0.00,0.00,0.00
2012,03507519000159,"346,164.00","-10,596.00","335,568.00",578.35,580.21,"20,477.00","-1,436.00","-20,032.00",-991.00,"20,032.00",402.00,0.98,"19,453.15",2.23,0.19,2.42,0.51,"39,148.50",0.00,1.00,0.00,0.00,0.00
2013,03507519000159,"353,875.00","-8,316.00","345,559.00",578.35,597.49,"21,341.00",-942.00,"-20,795.00",-396.00,"20,459.00",419.00,0.96,"20,273.95",0.03,0.06,0.09,0.13,"37,761.33",0.00,2.00,0.00,0.00,0.00
2014,03507519000159,"356,048.00","-5,130.00","350,918.00",578.35,606.75,"20,834.00",0.00,"-21,793.00",-959.00,"21,341.00",436.00,1.02,"19,792.30",0.02,0.06,0.08,0.11,"37,761.33",0.00,2.00,0.00,0.00,0.00
2015,03507519000159,"354,665.00","-4,923.00","349,742.00",578.35,604.72,"23,523.00",0.00,"-23,491.00",32.00,"22,449.00",452.00,0.95,"22,346.85",0.00,0.06,0.06,0.06,"37,761.33",0.00,2.00,0.00,0.00,0.00
2016,03507519000159,"356,252.00","-4,213.00","352,039.00",578.35,608.69,"23,857.00",0.00,"-23,569.00",288.00,"23,569.00",475.00,0.99,"22,664.15",0.01,0.07,0.07,,"35,500.00",0.00,1.00,0.00,0.00,0.00
2003,03683056000186,"28,096.00","-1,581.00","26,515.00","37,828.40",0.70,"4,131.00","-1,739.00","-2,442.00",-50.00,"4,108.00",247.00,0.99,"3,924.45",-0.03,0.15,0.12,,"2,487.11",0.00,1.00,0.00,0.00,0.00
2004,03683056000186,"26,804.00",-648.00,"26,156.00","38,753.33",0.67,"3,339.00","-1,463.00","-1,864.00",12.00,"3,390.00",250.00,1.02,"3,172.05",-0.04,0.13,0.09,,"2,487.11",0.00,1.00,0.00,0.00,0.00
2005,03683056000186,"25,568.00",-528.00,"25,040.00","38,760.83",0.65,"3,066.00",0.00,"-3,081.00",-15.00,"3,084.00",281.00,1.01,"2,912.70",-0.04,0.12,0.08,,"2,487.11",0.00,1.00,0.00,0.00,0.00
2006,03683056000186,"25,036.00",-587.00,"24,449.00","38,760.49",0.63,"3,815.00",0.00,"-3,730.00",85.00,"3,730.00",282.00,0.98,"3,624.25",-0.02,0.15,0.13,,"2,487.11",0.00,1.00,0.00,0.00,0.00
2007,03683056000186,"24,193.00",-337.00,"23,856.00","38,810.00",0.61,"3,629.00",0.00,"-3,793.00",-164.00,"3,841.00",245.00,1.06,"3,447.55",-0.03,0.16,0.13,,"2,487.11",0.00,1.00,0.00,0.00,0.00
2008,03683056000186,"24,673.00",-215.00,"24,458.00","38,810.00",0.63,"5,075.00",-472.00,"-4,045.00",558.00,"4,045.00",228.00,0.80,"4,821.25",0.03,0.17,0.19,,"5,138.90",0.00,1.00,0.00,0.00,0.00
2009,03683056000186,"24,059.00",-209.00,"23,850.00","38,810.00",0.61,"4,726.00",0.00,"-4,856.00",-130.00,"4,856.00",231.00,1.03,"4,489.70",-0.02,0.20,0.17,,"5,138.90",0.00,1.00,0.00,0.00,0.00
2010,03683056000186,"56,376.00",-943.00,"55,433.00","64,697.80",0.86,"5,383.00","-20,704.00","27,470.00","12,149.00","6,155.00",455.00,1.14,"5,113.85",0.39,0.26,0.65,,"6,674.92",0.00,2.00,0.00,0.00,0.00
2011,03683056000186,"75,667.00",-177.00,"75,490.00","77,361.14",0.98,"8,701.00","-20,925.00","11,765.00",-459.00,"9,022.00",749.00,1.04,"8,265.95",0.14,0.16,0.30,,"8,249.37",931.90,4.00,1.00,0.11,0.25
2012,03683056000186,"242,204.00","-1,490.00","240,714.00","130,246.87",1.85,"13,530.00","-24,704.00","80,514.00","69,340.00","13,310.00","1,267.00",0.98,"12,853.50",0.89,0.18,1.07,,"10,384.15",931.90,5.00,1.00,0.09,0.20
2013,03683056000186,"264,124.00",-382.00,"263,742.00","138,509.27",1.90,"18,595.00","-90,024.00","-5,730.00","-77,159.00","19,306.00","1,673.00",1.04,"17,665.25",0.03,0.08,0.11,,"15,191.51","2,552.25",8.00,2.00,0.17,0.25
2014,03683056000186,"264,785.00",-565.00,"264,220.00","138,509.27",1.91,"21,635.00","-2,016.00","-20,965.00","-1,346.00","20,965.00","1,489.00",0.97,"20,553.25",0.00,0.08,0.08,,"15,191.51","2,552.25",8.00,2.00,0.17,0.25
2015,03683056000186,"251,282.00",-598.00,"250,684.00","138,509.27",1.81,"21,473.00","-2,560.00","-21,366.00","-2,453.00","21,406.00","1,399.00",1.00,"20,399.35",-0.05,0.08,0.03,,"15,191.51","2,552.25",8.00,2.00,0.17,0.25
2016,03683056000186,"247,573.00",-978.00,"246,595.00","138,509.27",1.78,"19,702.00","2,978.00","-18,948.00","3,732.00","19,170.00","1,420.00",0.97,"18,716.90",-0.02,0.08,0.06,,"15,191.51","2,552.25",8.00,2.00,0.17,0.25
2015,03855441000163,"2,303,005.00","-2,237,603.00","65,402.00","144,210.66",0.45,"39,751.00","253,677.00","-400,536.00","-107,108.00",0.00,853.00,0.00,"37,763.45",-0.47,0.00,-0.47,,0.00,0.00,0.00,0.00,0.00,0.00
2016,03855441000163,"2,073,625.00","-1,963,005.00","110,620.00","144,210.66",0.77,"-74,722.00","345,824.00","-428,606.00","-157,504.00","37,260.00",930.00,NA,0.00,0.69,0.57,1.26,,0.00,0.00,0.00,0.00,0.00,0.00
2005,04066582000160,"16,826.95",-365.39,"16,461.56",200.00,82.31,"3,954.62",0.00,"-4,012.82",-58.20,"3,952.09",79.86,1.00,"3,756.88",-0.04,0.23,0.19,,"5,518.20",0.00,1.00,0.00,0.00,0.00
2006,04066582000160,"16,062.79",-372.19,"15,690.60",200.00,78.45,"4,026.03",0.00,"-4,030.57",-4.54,"4,030.61",80.41,1.00,"3,824.73",-0.05,0.24,0.20,,"5,518.20",0.00,1.00,0.00,0.00,0.00
2007,04066582000160,"15,311.00",-391.00,"14,920.00",200.00,74.60,"4,194.00",0.00,"-4,195.00",-1.00,"4,195.00",84.00,1.00,"3,984.30",-0.05,0.27,0.22,,"5,518.20",0.00,1.00,0.00,0.00,0.00
2008,04066582000160,"14,595.00",-446.00,"14,149.00",200.00,70.75,"4,486.00",0.00,"-4,478.00",8.00,"4,478.00",90.00,1.00,"4,261.70",-0.05,0.30,0.25,,"5,518.20",0.00,1.00,0.00,0.00,0.00
2009,04066582000160,"13,818.00",-440.00,"13,378.00",200.00,66.89,"5,030.00",0.00,"-5,034.00",-4.00,"5,034.00",139.00,1.00,"4,778.50",-0.05,0.36,0.30,,"5,518.20",0.00,1.00,0.00,0.00,0.00
2010,04066582000160,"13,081.00",-474.00,"12,607.00",200.00,63.04,"5,030.00",0.00,"-5,029.00",1.00,"5,029.00",140.00,1.00,"4,778.50",-0.06,0.38,0.32,,"5,518.20",0.00,1.00,0.00,0.00,0.00
2011,04066582000160,"12,351.00",-515.00,"11,836.00",200.00,59.18,"5,471.00",0.00,"-5,463.00",8.00,"5,463.00",158.00,1.00,"5,197.45",-0.06,0.43,0.37,,"5,518.20",0.00,1.00,0.00,0.00,0.00
2012,04066582000160,"50,548.00",-518.00,"50,030.00",200.00,250.15,"5,139.00",-46.00,"-5,120.00",-27.00,"5,120.00",156.00,1.00,"4,882.05",3.23,0.43,3.66,,"5,518.20",0.00,1.00,0.00,0.00,0.00
2013,04066582000160,"53,928.00",-488.00,"53,440.00",200.00,267.20,"4,881.00",-46.00,"-4,842.00",-7.00,"4,841.00",156.00,0.99,"4,636.95",0.07,0.10,0.16,,"5,518.20",0.00,1.00,0.00,0.00,0.00
2014,04066582000160,"55,445.00",-565.00,"54,880.00",200.00,274.40,"4,563.00",-21.00,"-4,543.00",-1.00,"4,543.00",148.00,1.00,"4,334.85",0.03,0.09,0.11,,"5,518.20",0.00,1.00,0.00,0.00,0.00
2015,04066582000160,"51,892.00",-575.00,"51,317.00",200.00,256.59,"4,535.00",49.00,"-4,584.00",0.00,"4,584.00",154.00,1.01,"4,308.25",-0.06,0.08,0.02,,"5,950.82",0.00,1.00,0.00,0.00,0.00
2016,04066582000160,"60,180.00",-566.00,"59,614.00",200.00,298.07,"5,138.00",87.00,"-5,225.00",0.00,"5,225.00",170.00,1.02,"4,881.10",0.16,0.10,0.26,,"5,950.82",0.00,1.00,0.00,0.00,0.00
2004,04141645000103,"70,213.00",-816.00,"69,397.00","69,033.50",1.01,"4,685.00",0.00,"-4,450.00",235.00,"4,450.00",124.00,0.95,"4,450.75",-0.02,0.06,0.04,,,0.00,1.00,0.00,0.00,0.00
2005,04141645000103,"71,279.00",-443.00,"70,836.00","69,033.50",1.03,"5,059.00",0.00,"-4,908.00",151.00,"4,908.00",97.00,0.97,"4,806.05",0.02,0.07,0.09,,,0.00,,0.00,0.00,0.00
2006,04141645000103,"64,295.00",-222.00,"64,073.00","69,033.50",0.93,"3,667.00",0.00,"-3,572.00",95.00,"3,572.00",75.00,0.97,"3,483.65",-0.10,0.05,-0.05,,,0.00,,0.00,0.00,0.00
2007,04141645000103,"62,172.00",-505.00,"61,667.00","69,033.50",0.89,"4,484.00",0.00,"-4,000.00",484.00,"4,000.00",89.00,0.89,"4,259.80",-0.04,0.06,0.02,,,0.00,,0.00,0.00,0.00
2008,04141645000103,"61,534.00",-678.00,"60,856.00","69,033.50",0.88,"6,580.00",0.00,"-6,135.00",445.00,"6,135.00",126.00,0.93,"6,251.00",-0.01,0.10,0.09,,,0.00,,0.00,0.00,0.00
2009,04141645000103,"59,265.00",-583.00,"58,682.00","69,033.50",0.85,"6,547.00",0.00,"-6,363.00",184.00,"6,363.00",124.00,0.97,"6,219.65",-0.04,0.10,0.07,,,0.00,,0.00,0.00,0.00
2010,04141645000103,"57,378.00",-874.00,"56,504.00","69,033.50",0.82,"7,465.00",0.00,"-6,694.00",771.00,"6,694.00",148.00,0.90,"7,091.75",-0.04,0.11,0.08,,,0.00,,0.00,0.00,0.00
2011,04141645000103,"55,407.00",-968.00,"54,439.00","69,033.50",0.79,"9,246.00",0.00,"-8,860.00",386.00,"8,860.00",175.00,0.96,"8,783.70",-0.04,0.16,0.12,,,0.00,,0.00,0.00,0.00
2012,04141645000103,"183,074.00","-1,085.00","181,989.00","69,033.50",2.64,"10,044.00",0.00,"-9,832.00",212.00,"9,832.00",194.00,0.98,"9,541.80",2.34,0.18,2.52,,,0.00,,0.00,0.00,0.00
2013,04141645000103,"183,767.00","-1,214.00","182,553.00","69,033.50",2.64,"12,386.00",0.00,"-11,735.00",651.00,"11,735.00",234.00,0.95,"11,766.70",0.00,0.06,0.07,,,0.00,,0.00,0.00,0.00
2014,04141645000103,"219,921.00","-7,286.00","212,635.00","69,033.50",3.08,"13,119.00",0.00,"-12,597.00",522.00,"12,597.00",252.00,0.96,"12,463.05",0.16,0.07,0.23,,,0.00,,0.00,0.00,0.00
2015,04141645000103,"220,199.00","-7,460.00","212,739.00","69,033.50",3.08,"13,907.00",0.00,"-13,397.00",510.00,"13,506.00",271.00,0.97,"13,211.65",0.00,0.06,0.06,,,0.00,,0.00,0.00,0.00
2016,04141645000103,"191,364.00","-8,103.00","183,261.00","69,033.50",2.65,"11,276.00",-555.00,"-10,847.00",-126.00,"11,241.00",226.00,1.00,"10,712.20",-0.14,0.05,-0.09,,,0.00,,0.00,0.00,0.00
2012,04722883000102,"757,450.00","-9,022.00","748,428.00","3,935.56",190.17,"64,062.00",0.00,"-63,684.00",378.00,"63,684.00","1,017.00",0.99,"60,858.90",0.25,0.11,0.36,,,0.00,,0.00,0.00,0.00
2013,04722883000102,"904,583.00","-8,874.00","895,709.00","3,935.56",227.59,"69,913.00","-7,120.00","-66,537.00","-3,744.00","66,537.00","1,069.00",0.95,"66,417.35",0.20,0.09,0.29,,,0.00,,0.00,0.00,0.00
2014,04722883000102,"848,338.00","-11,109.00","837,229.00","3,935.56",212.73,"73,055.00","-6,295.00","-66,007.00",753.00,"66,012.00","1,090.00",0.90,"69,402.25",-0.07,0.07,0.01,,,0.00,,0.00,0.00,0.00
2015,04722883000102,"666,236.00","-8,382.00","657,854.00","3,935.56",167.16,"58,993.00","-2,602.00","-57,144.00",-753.00,"57,135.00",938.00,0.97,"56,043.35",-0.21,0.07,-0.15,,,0.00,,0.00,0.00,0.00
2016,04722883000102,"670,628.00","-8,118.00","662,510.00","3,935.56",168.34,"38,355.00",-209.00,"-38,146.00",0.00,"38,146.00",674.00,0.99,"36,437.25",0.01,0.06,0.07,,,0.00,,0.00,0.00,0.00
2014,04782236000188,"453,954.76","-25,205.26","428,749.50","2,095.48",204.61,"36,265.88","-13,699.18","-24,032.58","-1,465.88","28,032.58",927.61,0.77,"34,452.59",-0.01,0.07,0.05,,,0.00,,0.00,0.00,0.00
2015,04782236000188,"407,640.90","-26,666.66","380,974.24","2,275.48",167.43,"23,905.63","-13,645.95","-11,311.49","-1,051.81","29,311.49","1,095.33",1.23,"22,710.35",-0.18,0.07,-0.11,,,0.00,,0.00,0.00,0.00
2016,04782236000188,"465,055.60","-46,213.55","418,842.05","2,355.48",177.82,"26,948.16","-23,493.05",-794.48,"2,660.63","35,577.24","1,247.81",1.32,"25,600.75",0.06,0.09,0.16,,,0.00,,0.00,0.00,0.00
2003,05437916000127,"44,099.55","-1,113.12","42,986.44",440.00,97.70,"4,503.14","-43,850.93","31,117.58","-8,230.22","3,396.82",121.21,0.75,"4,277.98",-0.02,0.39,0.37,,,0.00,,0.00,0.00,0.00
2004,05437916000127,"34,840.71","-1,387.27","33,453.44",355.00,94.24,"5,972.61","8,500.00","-14,172.45",300.16,"4,551.39",134.52,0.76,"5,673.98",-0.04,0.11,0.07,,,0.00,,0.00,0.00,0.00
2005,05437916000127,"34,319.46","-1,899.62","32,419.84",355.00,91.32,"5,064.01",-28.00,"-4,994.85",41.16,"4,018.56",151.03,0.79,"4,810.81",-0.03,0.12,0.09,,,0.00,,0.00,0.00,0.00
2006,05437916000127,"32,982.42","-1,596.69","31,385.72",355.00,88.41,"5,720.41",0.00,"-5,684.13",36.28,"4,825.39",153.99,0.84,"5,434.39",-0.03,0.15,0.12,,,0.00,,0.00,0.00,0.00
2007,05437916000127,"31,066.63",-715.03,"30,351.60",355.00,85.50,"5,066.29",0.00,"-6,026.76",-960.48,"5,639.08",159.91,1.11,"4,812.97",-0.03,0.18,0.15,,,0.00,,0.00,0.00,0.00
2008,05437916000127,"30,001.87",-684.40,"29,317.48",355.00,82.58,"5,707.48",0.00,"-5,659.15",48.33,"5,624.91",172.30,0.99,"5,422.11",-0.03,0.19,0.15,,,0.00,,0.00,0.00,0.00
2009,05437916000127,"29,228.72",-945.37,"28,283.36",355.00,79.67,"6,052.96",0.00,"-5,793.60",259.36,"5,761.36",189.19,0.95,"5,750.31",-0.04,0.20,0.16,,,0.00,,0.00,0.00,0.00
2010,05437916000127,"27,794.66",-569.43,"27,225.24",355.00,76.69,"5,417.09",0.00,"-5,793.59",-376.49,"5,761.81",189.19,1.06,"5,146.24",-0.04,0.20,0.17,,,0.00,,0.00,0.00,0.00
2011,05437916000127,"27,288.78","-1,145.66","26,143.12",355.00,73.64,"6,305.72",0.00,"-5,793.54",512.18,"5,760.74",199.29,0.91,"5,990.43",-0.04,0.21,0.17,,,0.00,,0.00,0.00,0.00
2012,05437916000127,"72,821.05",-561.98,"72,259.07",355.00,203.55,"5,571.38",0.00,"-6,141.50",-570.12,"6,109.70",211.68,1.10,"5,292.81",1.76,0.23,2.00,,,0.00,,0.00,0.00,0.00
2013,05437916000127,"78,319.03",-905.87,"77,413.17",355.00,218.07,"5,432.24",0.00,"-5,072.95",359.29,"5,048.69",222.72,0.93,"5,160.63",0.07,0.07,0.14,,,0.00,,0.00,0.00,0.00
2014,05437916000127,"78,771.20",-664.07,"78,107.13",355.00,220.02,"4,051.36",0.00,"-3,947.34",104.01,"3,947.34",313.17,0.97,"3,848.79",0.01,0.05,0.06,,,0.00,,0.00,0.00,0.00
2015,05437916000127,"123,978.93",-693.68,"123,285.25",355.00,347.28,"6,496.82",-225.53,"-6,153.40",117.89,"6,153.40",385.38,0.95,"6,171.98",0.58,0.08,0.66,,,0.00,,0.00,0.00,0.00
2016,05437916000127,"118,080.51",-540.89,"117,539.62",355.00,331.10,"4,497.01",-144.76,"-4,456.45",-104.21,"4,456.45",431.74,0.99,"4,272.16",-0.05,0.04,-0.01,,,0.00,,0.00,0.00,0.00
2005,05562312000102,"91,915.45","-1,499.93","90,415.52",104.80,862.74,"16,139.94",0.00,"-16,297.36",-157.43,"16,132.15",691.50,1.00,"15,332.94",-0.04,0.17,0.13,,"56.429,46",0.00,1.00,0.00,0.00,0.00
2006,05562312000102,"88,192.79","-1,516.00","86,676.79",104.80,827.07,"16,812.78",0.00,"-16,818.64",-5.86,"16,818.49",718.64,1.00,"15,972.14",-0.04,0.19,0.14,,"56.429,46",0.00,1.00,0.00,0.00,0.00
2007,05562312000102,"84,507.00","-1,569.00","82,938.00",104.80,791.39,"17,309.00",0.00,"-17,310.00",-1.00,"17,310.00",738.00,1.00,"16,443.55",-0.04,0.20,0.16,,"56.429,46",0.00,1.00,0.00,0.00,0.00
2008,05562312000102,"80,914.00","-1,715.00","79,199.00",104.80,755.72,"18,552.00",0.00,"-18,541.00",11.00,"18,543.00",791.00,1.00,"17,624.40",-0.05,0.22,0.18,,"56.429,46",0.00,1.00,0.00,0.00,0.00
2009,05562312000102,"84,660.00","-9,747.00","74,913.00",104.80,714.82,"20,030.00",-548.00,"-20,027.00",-545.00,"20,031.00",853.00,1.00,"19,028.50",-0.05,0.25,0.20,,"56.429,46",0.00,1.00,0.00,0.00,0.00
2010,05562312000102,"80,890.00","-9,789.00","71,101.00",104.80,678.44,"20,510.00",-438.00,"-20,108.00",-36.00,"20,101.00",873.00,0.98,"19,484.50",-0.05,0.27,0.22,,"56.429,46",0.00,1.00,0.00,0.00,0.00
2011,05562312000102,"78,772.00","-11,397.00","67,375.00",104.80,642.89,"22,115.00","-2,656.00","-19,640.00",-181.00,"19,639.00",947.00,0.89,"21,009.25",-0.05,0.28,0.22,,"56.429,46",0.00,1.00,0.00,0.00,0.00
2012,05562312000102,"304,971.00","-21,232.00","283,739.00",104.80,"2,707.43","44,838.00","-25,104.00","-19,988.00",-254.00,"19,985.00",995.00,0.45,"42,596.10",3.21,0.30,3.51,,"56.429,46",0.00,1.00,0.00,0.00,0.00
2013,05562312000102,"483,397.00","-4,390.00","479,007.00",104.80,"4,570.68","34,265.00","16,896.00","-47,154.00","4,007.00","47,161.00","2,451.00",1.38,"32,551.75",0.69,0.17,0.85,,"56.429,46",0.00,1.00,0.00,0.00,0.00
2014,05562312000102,"396,093.00","-4,080.00","392,013.00",104.80,"3,740.58","37,917.00","-1,111.00","-36,804.00",2.00,"36,805.00","1,670.00",0.97,"36,021.15",-0.18,0.08,-0.10,,"56.429,46",0.00,1.00,0.00,0.00,0.00
2015,05562312000102,"387,465.00","-3,438.00","384,027.00",104.80,"3,664.38","37,944.00","-3,240.00","-34,707.00",-3.00,"34,705.00","1,729.00",0.91,"36,046.80",-0.02,0.09,0.07,,"56.429,46",0.00,1.00,0.00,0.00,0.00
2016,05562312000102,"579,415.00","-5,101.00","574,314.00",104.80,"5,480.10","43,262.00","-3,233.00","-40,025.00",4.00,"40,027.00","1,581.00",0.93,"41,098.90",0.50,0.10,0.60,,"56.429,46",0.00,1.00,0.00,0.00,0.00
2008,06175262000173,"21,506.39",-353.34,"21,153.05",236.00,89.63,"3,974.40",0.00,"-3,995.96",-21.57,"3,995.96",94.26,1.01,"3,775.68",-0.03,0.18,0.16,,,0.00,1.00,0.00,0.00,0.00
2009,06175262000173,"20,914.82",-371.51,"20,543.31",236.00,87.05,"4,168.59",0.00,"-4,166.66",1.92,"4,166.66",101.01,1.00,"3,960.16",-0.03,0.20,0.17,,,0.00,1.00,0.00,0.00,0.00
2010,06175262000173,"20,312.00",-384.00,"19,928.00",236.00,84.44,"4,366.00",0.00,"-4,366.00",0.00,"4,366.00",103.00,1.00,"4,147.70",-0.03,0.21,0.18,,,0.00,1.00,0.00,0.00,0.00
2011,06175262000173,"19,829.00",-385.00,"19,444.00",236.00,82.39,"4,034.00",0.00,"-3,916.00",118.00,"3,916.00",156.00,0.97,"3,832.30",-0.02,0.20,0.17,,,0.00,1.00,0.00,0.00,0.00
2012,06175262000173,"42,000.00",-470.00,"41,530.00",236.00,175.97,"4,427.00",0.00,"-4,464.00",-37.00,"4,464.00",172.00,1.01,"4,205.65",1.14,0.23,1.37,,,0.00,1.00,0.00,0.00,0.00
2013,06175262000173,"40,748.00",-436.00,"40,312.00",236.00,170.81,"4,782.00",0.00,"-4,750.00",32.00,"4,570.00",180.00,0.96,"4,542.90",-0.03,0.11,0.08,,,0.00,1.00,0.00,0.00,0.00
2014,06175262000173,"39,705.00",-391.00,"39,314.00",236.00,166.58,"4,830.00",0.00,"-4,860.00",-30.00,"4,860.00",177.00,1.01,"4,588.50",-0.02,0.12,0.10,,,0.00,1.00,0.00,0.00,0.00
2015,06175262000173,"37,201.00",-78.00,"37,123.00",236.00,157.30,"5,233.00",0.00,"-5,159.00",74.00,"5,159.00",185.00,0.99,"4,971.35",-0.06,0.13,0.08,,,0.00,1.00,0.00,0.00,0.00
2016,06175262000173,"38,117.00",-454.00,"37,663.00",236.00,159.59,"5,048.00",0.00,"-5,045.00",3.00,"5,045.00",194.00,1.00,"4,795.60",0.01,0.14,0.15,,,0.00,1.00,0.00,0.00,0.00
2005,07000400000146,"130,900.00","-2,483.00","128,417.00",130.00,987.82,"19,162.00",0.00,"-16,760.00","2,402.00","16,760.00",822.00,0.87,"18,203.90",-0.01,0.13,0.12,,"25.410,60",0.00,1.00,0.00,0.00,0.00
2006,07000400000146,"129,549.00","-2,584.00","126,965.00",130.00,976.65,"18,559.00",0.00,"-17,582.00",977.00,"17,582.00",867.00,0.95,"17,631.05",-0.01,0.14,0.13,,"25.410,60",0.00,1.00,0.00,0.00,0.00
2007,07000400000146,"127,870.00","-2,228.00","125,642.00",130.00,966.48,"19,162.00",0.00,"-18,514.00",648.00,"18,514.00",903.00,0.97,"18,203.90",-0.01,0.15,0.14,,"25.410,60",0.00,1.00,0.00,0.00,0.00
2008,07000400000146,"126,373.00","-2,049.00","124,324.00",130.00,956.34,"20,563.00",0.00,"-19,736.00",827.00,"19,736.00",969.00,0.96,"19,534.85",-0.01,0.16,0.15,,"25.410,60",0.00,1.00,0.00,0.00,0.00
2009,07000400000146,"211,748.00","-2,111.00","209,637.00",130.00,"1,612.59","22,817.00","-1,702.00","-21,648.00",-533.00,"21,648.00",955.00,0.95,"21,676.15",0.69,0.17,0.86,,"25.410,60",0.00,1.00,0.00,0.00,0.00
2010,07000400000146,"206,093.00","-2,385.00","203,708.00",130.00,"1,566.98","22,665.00",-109.00,"-21,237.00","1,319.00","21,237.00",831.00,0.94,"21,531.75",-0.03,0.10,0.07,,"25.410,60",0.00,1.00,0.00,0.00,0.00
2011,07000400000146,"203,580.00","-4,909.00","198,671.00",130.00,"1,528.24","41,184.00",0.00,"-36,725.00","4,459.00","36,725.00","1,700.00",0.89,"39,124.80",-0.02,0.18,0.16,,"89,213.00",0.00,2.00,0.00,0.00,0.00
2012,07000400000146,"539,339.00","-3,670.00","535,669.00",130.00,"4,120.53","35,120.00","4,454.00","-39,525.00",49.00,"39,525.00","2,228.00",1.13,"33,364.00",1.70,0.20,1.90,,"89,213.00",0.00,2.00,0.00,0.00,0.00
2013,07000400000146,"564,277.00","-5,166.00","559,111.00",130.00,"4,300.85","51,585.00","-2,491.00","-48,725.00",369.00,"48,725.00","2,773.00",0.94,"49,005.75",0.04,0.09,0.13,,"89,213.00",0.00,2.00,0.00,0.00,0.00
2014,07000400000146,"569,932.00","-5,244.00","564,688.00",130.00,"4,343.75","52,375.00",-170.00,"-50,050.00","2,155.00","50,050.00","2,832.00",0.96,"49,756.25",0.01,0.09,0.10,,"65,587.29",0.00,2.00,0.00,0.00,0.00
2015,07000400000146,"541,534.00","-9,592.00","531,942.00",130.00,"4,091.86","34,630.00","6,000.00","-34,585.00","6,045.00","34,585.00","1,974.00",1.00,"32,898.50",-0.06,0.06,0.00,,"65,587.29",0.00,2.00,0.00,0.00,0.00
2016,07000400000146,"484,480.00","-10,476.00","474,004.00",130.00,"3,646.18","35,105.00",0.00,"-32,462.00","2,643.00","32,462.00","1,738.00",0.92,"33,349.75",-0.11,0.06,-0.05,,"65,587.29",0.00,2.00,0.00,0.00,0.00
2005,07122725000100,"101,749.81","1,144.80","102,894.61",104.70,982.76,"12,150.22","-52,350.00","39,914.79",-284.98,"12,442.16",384.00,1.02,"11,542.71",-0.01,0.24,0.23,,"41,409.00",0.00,1.00,0.00,0.00,0.00
2006,07122725000100,"97,734.94","1,193.42","98,928.36",104.70,944.87,"12,578.54",-111.76,"-12,453.89",12.89,"12,466.97",401.00,0.99,"11,949.61",-0.04,0.12,0.08,,"41,409.00",0.00,1.00,0.00,0.00,0.00
2007,07122725000100,"93,604.00","-1,255.00","92,349.00",104.70,882.03,"13,057.00",0.00,"-13,061.00",-4.00,"13,065.00",401.00,1.00,"12,404.15",-0.07,0.13,0.07,,"41,409.00",0.00,1.00,0.00,0.00,0.00
2008,07122725000100,"90,133.00","-2,543.00","87,590.00",104.70,836.58,"14,014.00",0.00,"-13,444.00",570.00,"13,441.00",408.00,0.96,"13,313.30",-0.05,0.15,0.09,,"41,409.00",0.00,1.00,0.00,0.00,0.00
2009,07122725000100,"86,185.00","-2,222.00","83,963.00",104.70,801.94,"14,773.00",-477.00,"-14,520.00",-224.00,"14,523.00",453.00,0.98,"14,034.35",-0.04,0.17,0.12,,"41,409.00",0.00,1.00,0.00,0.00,0.00
2010,07122725000100,"81,934.00","-2,179.00","79,755.00",104.70,761.75,"15,243.00",-204.00,"-15,392.00",-353.00,"15,395.00",451.00,1.01,"14,480.85",-0.05,0.18,0.13,,"41,409.00",0.00,1.00,0.00,0.00,0.00
2011,07122725000100,"77,837.00","-2,304.00","75,533.00",104.70,721.42,"16,787.00",0.00,"-16,790.00",-3.00,"16,794.00",490.00,1.00,"15,947.65",-0.05,0.21,0.16,,"41,409.00",0.00,1.00,0.00,0.00,0.00
2012,07122725000100,"339,530.00","-2,721.00","336,809.00",104.70,"3,216.90","27,798.00",-403.00,"-27,420.00",-25.00,"27,438.00","1,048.00",0.99,"26,408.10",3.46,0.36,3.82,,"41,409.00",0.00,1.00,0.00,0.00,0.00
2013,07122725000100,"360,639.00","-4,073.00","356,566.00",104.70,"3,405.60","28,164.00",-750.00,"-27,418.00",-4.00,"27,425.00","1,278.00",0.97,"26,755.80",0.06,0.08,0.14,,"41,409.00",0.00,1.00,0.00,0.00,0.00
2014,07122725000100,"347,893.00","-4,261.00","343,632.00",104.70,"3,282.06","29,907.00",-70.00,"-29,835.00",2.00,"29,839.00","1,360.00",1.00,"28,411.65",-0.04,0.08,0.05,,"41,409.00",0.00,1.00,0.00,0.00,0.00
2015,07122725000100,"314,518.00","-4,240.00","310,278.00",104.70,"2,963.50","27,591.00",-455.00,"-27,138.00",-2.00,"27,083.00","1,320.00",0.98,"26,211.45",-0.10,0.08,-0.02,,"41,409.00",0.00,1.00,0.00,0.00,0.00
2016,07122725000100,"222,978.00","-8,864.00","214,114.00",104.70,"2,045.02","32,005.00","-2,010.00","-29,993.00",2.00,"29,995.00","1,199.00",0.94,"30,404.75",-0.31,0.10,-0.21,,"16,742.00",0.00,1.00,0.00,0.00,0.00
2012,07352632000163,"22,126.00",-255.00,"21,871.00",40.00,546.78,881.00,-670.00,-953.00,-742.00,953.00,117.00,1.08,836.95,5.21,0.27,5.48,,"11,179.68",0.00,1.00,0.00,0.00,0.00
2013,07352632000163,"17,254.00",-590.00,"16,664.00",40.00,416.60,942.00,-618.00,-591.00,-267.00,591.00,125.00,0.63,894.90,-0.24,0.03,-0.21,,"11,179.68",0.00,1.00,0.00,0.00,0.00
2014,07352632000163,"21,121.00",-582.00,"20,539.00",40.00,513.48,958.00,28.00,-988.00,-2.00,988.00,134.00,1.03,910.10,0.23,0.06,0.29,,"11,179.68",0.00,1.00,0.00,0.00,0.00
2015,07352632000163,"22,344.00",-455.00,"21,889.00",40.00,547.23,834.00,164.00,-998.00,0.00,998.00,140.00,1.20,792.30,0.07,0.05,0.11,,"11,179.68",0.00,1.00,0.00,0.00,0.00
2016,07352632000163,"19,852.00",-114.00,"19,738.00",40.00,493.45,138.00,640.00,-778.00,0.00,778.00,152.00,5.64,131.10,-0.10,0.04,-0.06,,"7,718.61",0.00,1.00,0.00,0.00,0.00
2013,07789135000127,"1,031,873.00","-218,632.00","813,241.00",451.11,"1,802.74","69,413.00","-32,192.00","-43,922.00","-6,701.00","19,538.00","1,502.00",0.28,"65,942.35",0.26,0.03,0.29,,"100,900.00",0.00,5.00,0.00,0.00,0.00
2014,07789135000127,"1,156,548.00","-178,765.00","977,783.00",451.11,"2,167.49","78,267.00",-41.00,"-78,227.00",-1.00,"24,346.00","1,646.00",0.31,"74,353.65",0.20,0.03,0.23,,"100,900.00",0.00,5.00,0.00,0.00,0.00
2015,07789135000127,"1,246,170.00","-156,588.00","1,089,582.00",451.11,"2,415.32","78,087.00","-7,115.00","-70,971.00",1.00,"22,606.00","1,702.00",0.29,"74,182.65",0.11,0.02,0.14,,"100,900.00",0.00,5.00,0.00,0.00,0.00
2016,07789135000127,"1,343,473.00","-144,590.00","1,198,883.00",451.11,"2,657.61","87,255.00","-18,457.00","-68,799.00",-1.00,"29,270.00","1,825.00",0.34,"82,892.25",0.10,0.03,0.13,,"100,900.00",0.00,5.00,0.00,0.00,0.00
2007,08014513000163,"57,666.00","-1,560.00","56,106.00",600.00,93.51,"9,350.00",0.00,"-9,160.00",190.00,"9,091.00",240.00,0.97,"8,882.50",-0.04,0.16,0.12,,"10,403.61",0.00,1.00,0.00,0.00,0.00
2008,08014513000163,"84,211.00","-2,604.00","81,607.00",880.00,92.74,"10,670.00","-28,000.00","17,020.00",-310.00,"11,032.00",297.00,1.03,"10,136.50",-0.01,0.20,0.19,,"19,788.72",0.00,1.00,0.00,0.00,0.00
2009,08014513000163,"137,951.00","-14,611.00","123,340.00","1,144.80",107.74,"17,727.00","-33,516.00","29,152.00","13,363.00","15,811.00",482.00,0.89,"16,840.65",0.16,0.19,0.36,,"19,788.72",0.00,1.00,0.00,0.00,0.00
2010,08014513000163,"123,338.00","-3,662.00","119,676.00","1,144.80",104.54,"21,247.00","-11,500.00","-21,000.00","-11,253.00","21,003.00",621.00,0.99,"20,184.65",-0.03,0.17,0.14,,"19,788.72",0.00,1.00,0.00,0.00,0.00
2011,08014513000163,"118,473.00","-4,122.00","114,351.00","1,144.80",99.89,"21,374.00",0.00,"-22,941.00","-1,567.00","22,942.00",684.00,1.07,"20,305.30",-0.04,0.19,0.15,,"19,788.72",0.00,1.00,0.00,0.00,0.00
2012,08014513000163,"185,086.00","-3,362.00","181,724.00","1,144.80",158.74,"21,022.00","-2,468.00","-19,829.00","-1,275.00","19,827.00",612.00,0.94,"19,970.90",0.59,0.17,0.76,,"19,788.72",0.00,1.00,0.00,0.00,0.00
2013,08014513000163,"192,358.00","-7,349.00","185,009.00","1,144.80",161.61,"20,306.00",-446.00,"-19,865.00",-5.00,"19,860.00",621.00,0.98,"19,290.70",0.02,0.11,0.13,,"19,788.72",0.00,1.00,0.00,0.00,0.00
2014,08014513000163,"199,805.00","-3,905.00","195,900.00","1,144.80",171.12,"21,761.00",-350.00,"-21,411.00",0.00,"21,411.00",668.00,0.98,"20,672.95",0.06,0.12,0.17,,"23,523.27",0.00,1.00,0.00,0.00,0.00
2015,08014513000163,"213,482.00","-3,975.00","209,507.00","1,144.80",183.01,"22,816.00",259.00,"-23,076.00",-1.00,"23,076.00",703.00,1.01,"21,675.20",0.07,0.12,0.19,,"24,988.95",0.00,1.00,0.00,0.00,0.00
2016,08014513000163,"223,152.00","-3,527.00","219,625.00","1,144.80",191.85,"22,779.00",492.00,"-23,271.00",0.00,"23,271.00",750.00,1.02,"21,640.05",0.05,0.11,0.16,,"24,988.95",0.00,1.00,0.00,0.00,0.00
2013,08098114000128,"646,195.00","-195,216.00","450,979.00","2,976.70",151.50,"52,603.00","4,934.00","-72,910.00","-15,373.00","26,021.00",436.00,0.49,"49,972.85",0.06,0.06,0.12,,,0.00,,0.00,0.00,0.00
2014,08098114000128,"568,997.00","-362,154.00","206,843.00","2,976.70",69.49,"55,652.00",-271.00,"-55,382.00",-1.00,"43,378.00",460.00,0.78,"52,869.40",-0.54,0.10,-0.45,,,0.00,30.00,0.00,0.00,0.00
2015,08098114000128,"572,104.00","-361,428.00","210,676.00","3,257.94",64.67,"60,528.00",-864.00,"-59,663.00",1.00,"29,110.00",485.00,0.48,"57,501.60",-0.07,0.14,0.07,,,0.00,30.00,0.00,0.00,0.00
2016,08098114000128,"572,412.00","-320,755.00","251,657.00","3,568.08",70.53,"58,675.00","39,469.00","-98,145.00",-1.00,"29,872.00",513.00,0.51,"55,741.25",0.09,0.14,0.23,,,0.00,30.00,0.00,0.00,0.00
2013,08417532000130,"1,161,786.00","-1,186,738.00","-24,952.00",46.97,-531.22,"-7,737.00","-258,327.00","116,318.00","-149,746.00",0.00,"1,992.00",NA,0.00,NA,0.00,NA,,0.00,0.00,,0.00,0.00,0.00
2014,08417532000130,"1,286,372.00","-1,255,065.00","31,307.00",46.97,666.52,"-2,400.00","-13,896.00","-32,570.00","-48,866.00",0.00,"2,101.00",NA,0.00,NA,0.00,NA,,,0.00,,0.00,0.00,0.00
2015,08417532000130,"1,274,786.00","-1,265,002.00","9,784.00",46.97,208.30,-393.00,"35,883.00","-33,213.00","2,277.00",0.00,"2,105.00",NA,0.00,-0.69,0.00,-0.69,,,0.00,,0.00,0.00,0.00
2007,08431747000106,"60,413.00",-127.00,"60,286.00",60.00,"1,004.77","5,840.00","-28,240.00","9,563.00","-12,837.00","5,605.00",759.00,0.96,"5,548.00",0.00,0.12,0.12,,,,,,0.00,0.00
2008,08431747000106,"60,366.00",-723.00,"59,643.00",60.00,994.05,"7,633.00",-896.00,"-7,464.00",-727.00,"7,464.00",941.00,0.98,"7,251.35",-0.01,0.12,0.11,,,,,,0.00,0.00
2009,08431747000106,"193,373.00","-1,992.00","191,381.00",160.00,"1,196.13","11,924.00","-134,586.00","120,501.00","-2,161.00","11,262.00","1,951.00",0.94,"11,327.80",0.20,0.19,0.39,,,,,,0.00,0.00
2010,08431747000106,"193,647.00","-2,012.00","191,635.00",160.00,"1,197.72","21,486.00","-4,629.00","-20,944.00","-4,087.00","20,944.00","3,594.00",0.97,"20,411.70",0.00,0.11,0.11,,,,,,0.00,0.00
2011,08431747000106,"378,140.00","-3,824.00","374,316.00",277.70,"1,347.93","31,940.00","-59,596.00","148,275.00","120,619.00","31,896.00","5,520.00",1.00,"30,343.00",0.13,0.17,0.29,,,,,,0.00,0.00
2012,08431747000106,"1,006,017.00","-8,026.00","997,991.00",493.91,"2,020.59","43,763.00","-525,200.00","365,637.00","-115,800.00","58,947.00","11,395.00",1.35,"41,574.85",0.50,0.16,0.66,,,,,,0.00,0.00
2013,08431747000106,"1,117,655.00","-14,774.00","1,102,881.00",537.49,"2,051.90","70,211.00","-51,984.00","6,616.00","24,843.00","86,443.00","16,085.00",1.23,"66,700.45",0.02,0.09,0.10,,,,,,0.00,0.00
2014,08431747000106,"1,159,575.00","-37,532.00","1,122,043.00",537.49,"2,087.55","75,502.00","-6,201.00","-90,191.00","-20,890.00","90,191.00","13,239.00",1.19,"71,726.90",0.02,0.08,0.10,,,,,,0.00,0.00
2015,08431747000106,"1,150,404.00","-29,159.00","1,121,245.00",537.49,"2,086.07","69,564.00","25,209.00","-95,727.00",-954.00,"95,727.00","12,603.00",1.38,"66,085.80",0.00,0.09,0.08,,,,,,0.00,0.00
2016,08431747000106,"1,170,845.00","-33,477.00","1,137,368.00",537.49,"2,116.06","82,253.00","6,076.00","-89,009.00",-680.00,"89,009.00","13,513.00",1.08,"78,140.35",0.01,0.08,0.09,,,,,,0.00,0.00
2012,08610522000117,"1,068.00","-1,528.00",-460.00,170.30,-2.70,"-9,648.00",0.00,"4,493.00","-5,155.00",0.00,272.00,NA,0.00,NA,0.00,NA,,,,,,0.00,0.00
2013,08610522000117,451.00,-260.00,191.00,"1,959.53",0.10,"-2,452.00",-371.00,"1,789.00","-1,034.00",0.00,149.00,NA,0.00,NA,0.00,NA,,,,,,0.00,0.00
2014,08610522000117,173.00,-99.00,74.00,"1,959.53",0.04,-236.00,236.00,0.00,0.00,0.00,69.00,NA,0.00,-0.61,0.00,-0.61,,,,,,0.00,0.00
2015,08610522000117,102.00,-59.00,43.00,"1,959.53",0.02,-145.00,145.00,0.00,0.00,0.00,69.00,NA,0.00,-0.42,0.00,-0.42,,,,,,0.00,0.00
2016,08610522000117,65.00,-67.00,-2.00,"2,140.43",0.00,-118.00,38.00,80.00,0.00,0.00,74.00,NA,0.00,NA,0.00,NA,,,,,,0.00,0.00
2014,08693497000182,"162,470.00","-2,932.00","159,538.00",550.08,290.02,"12,206.00",-485.00,"-12,608.00",-887.00,"12,608.00",519.00,1.03,"11,595.70",0.07,0.08,0.16,,,,,,0.00,0.00
2015,08693497000182,"137,261.00","-1,377.00","135,884.00",550.08,247.02,"11,921.00",-838.00,"-13,719.00","-2,636.00","13,719.00",487.00,1.15,"11,324.95",-0.15,0.09,-0.06,,,,,,0.00,0.00
2016,08693497000182,"125,157.00","-1,141.00","124,016.00",550.08,225.45,"8,899.00","-2,041.00","-7,745.00",-887.00,"7,745.00","1,318.00",0.87,"8,454.05",-0.09,0.06,-0.03,,,,,,0.00,0.00
2009,08696175000197,"133,149.23",-697.68,"132,451.55",927.16,142.86,761.00,"6,991.00","-10,615.00","-2,863.00",0.00,51.00,0.00,722.95,0.39,0.00,0.39,,,,,,,
2010,08696175000197,"128,538.00","-1,452.00","127,086.00",927.16,137.07,"5,722.00","-49,145.00","45,376.00","1,953.00",0.00,126.00,0.00,"5,435.90",-0.04,0.00,-0.04,,,,,,,
2011,08696175000197,"129,742.00","-1,189.00","128,553.00",927.16,138.65,"11,965.00",0.00,"-12,520.00",-555.00,"7,679.00",134.00,0.64,"11,366.75",0.01,0.06,0.07,,,,,,,
2012,08696175000197,"127,111.00","-1,788.00","125,323.00",927.16,135.17,"13,111.00",0.00,"-12,898.00",213.00,"9,863.00",142.00,0.75,"12,455.45",-0.03,0.08,0.05,,,,,,,
2013,08696175000197,"161,346.00","-1,355.00","159,991.00",927.16,172.56,"13,582.00",0.00,"-13,557.00",25.00,"13,557.00",150.00,1.00,"12,902.90",0.28,0.11,0.38,,,,,,,
2014,08696175000197,"170,532.00","-1,379.00","169,153.00",927.16,182.44,"13,938.00",0.00,"-14,129.00",-191.00,"14,196.00",159.00,1.02,"13,241.10",0.06,0.09,0.15,,,,,,,
2015,08696175000197,"168,752.00","-1,441.00","167,311.00",927.16,180.45,"15,287.00",0.00,"-15,166.00",121.00,"15,166.00",186.00,0.99,"14,522.65",-0.01,0.09,0.08,,,,,,,
2016,08696175000197,"158,792.00","-1,673.00","157,119.00",927.16,169.46,"16,395.00",0.00,"-16,161.00",234.00,"16,161.00",185.00,0.99,"15,575.25",-0.06,0.10,0.04,,,,,,,
2008,08706065000169,"62,284.00","-1,699.00","60,585.00",655.00,92.50,"7,289.00","-26,930.00","-6,852.00","-26,493.00","6,886.00",299.00,0.94,"6,924.55",-0.04,0.11,0.07,,,,,,,
2009,08706065000169,"60,992.00","-3,216.00","57,776.00",655.00,88.21,"6,805.00","1,874.00","-7,578.00","1,101.00","7,553.00",307.00,1.11,"6,464.75",-0.05,0.12,0.08,,,,,,,
2010,08706065000169,"66,953.00","-3,648.00","63,305.00",714.52,88.60,"8,993.00","-6,196.00","-1,984.00",813.00,"9,600.00",366.00,1.07,"8,543.35",0.00,0.17,0.17,,,,,,,
2011,08706065000169,"61,079.00","-3,913.00","57,166.00",714.52,80.01,"11,318.00","9,881.00","-21,130.00",69.00,"17,197.00",405.00,1.52,"10,752.10",-0.10,0.27,0.17,,,,,,,
2012,08706065000169,"194,045.00","-2,897.00","191,148.00",714.52,267.52,"9,539.00","17,626.00","-29,091.00","-1,926.00","23,612.00",880.00,2.48,"9,062.05",2.34,0.41,2.76,,,,,,,
2013,08706065000169,"161,324.00","-4,482.00","156,842.00",714.52,219.51,"4,539.00","43,692.00","-49,747.00","-1,516.00","37,400.00","1,055.00",8.24,"4,312.05",-0.18,0.20,0.02,,,,,,,
2014,08706065000169,"134,071.00","-1,894.00","132,177.00",714.52,184.99,"3,878.00","30,108.00","-33,986.00",0.00,"26,428.00",873.00,6.81,"3,684.10",-0.16,0.17,0.01,,,,,,,
2015,08706065000169,"109,628.00","-1,393.00","108,235.00",714.52,151.48,"2,994.00","9,703.00","-12,697.00",0.00,"10,089.00",727.00,3.37,"2,844.30",-0.18,0.08,-0.10,,,,,,,
2016,08706065000169,"157,552.00","-3,660.00","153,892.00","1,118.96",137.53,"3,251.00","-33,493.00","30,242.00",0.00,"6,322.00",742.00,1.94,"3,088.45",-0.09,0.06,-0.03,,,,,,,
2009,08924783000101,"719,781.00","-162,346.00","557,435.00","5,635.00",98.92,"39,928.00","-175,151.00","122,167.00","-13,056.00","9,252.00","1,486.00",0.23,"37,931.60",0.01,0.02,0.03,,"120,000.00","26,551.45",9.00,1.00,0.22,0.11
2010,08924783000101,"888,126.00","-231,450.00","656,676.00","11,000.00",59.70,"128,991.00","-184,195.00","68,108.00","12,904.00","75,125.00","1,920.00",0.58,"122,541.45",-0.40,0.13,-0.26,,"170,000.00","26,551.45",10.00,1.00,0.16,0.10
2011,08924783000101,"899,745.00","-249,785.00","649,960.00","11,000.00",59.09,"25,043.00","62,605.00","-77,391.00","10,257.00","75,185.00","2,020.00",3.00,"23,790.85",-0.01,0.11,0.10,,"227,694.00","26,551.45",11.00,1.00,0.12,0.09
2012,08924783000101,"2,443,882.00","-507,014.00","1,936,868.00","11,000.00",176.08,"76,081.00","119,547.00","-182,384.00","13,244.00","109,956.00","2,775.00",1.45,"72,276.95",1.98,0.17,2.15,,"185,906.00","26,551.45",13.00,1.00,0.14,0.08
2013,08924783000101,"3,592,426.00","-332,871.00","3,259,555.00","19,224.54",169.55,"98,295.00","-748,151.00","628,658.00","-21,198.00","202,308.00","7,016.00",2.06,"93,380.25",-0.04,0.10,0.07,,"184,694.00","32,318.40",12.00,1.00,0.17,0.08
2014,08924783000101,"3,466,327.00","-308,013.00","3,158,314.00","19,224.54",164.29,"70,184.00","217,688.00","-287,872.00",0.00,"233,000.00","6,752.00",3.32,"66,674.80",-0.03,0.07,0.04,,"151,528.23","32,318.40",12.00,1.00,0.21,0.08
2015,08924783000101,"3,195,862.00","-285,137.00","2,910,725.00","19,224.54",151.41,"66,691.00","209,011.00","-275,702.00",0.00,"232,990.00","6,182.00",3.49,"63,356.45",-0.08,0.07,0.00,,"140,523.61","32,318.40",10.00,1.00,0.23,0.10
2016,08924783000101,"2,384,758.00","-285,529.00","2,099,229.00","19,224.54",109.20,"51,947.00","578,866.00","-630,812.00",1.00,"273,966.00","3,918.00",5.27,"49,349.65",-0.28,0.09,-0.18,,"97,814.48","32,318.40",7.00,1.00,0.33,0.14
2010,09006914000134,"125,700.00",-511.00,"125,189.00","1,851.79",67.60,"-3,804.00","-91,783.00","99,686.00","4,099.00",0.00,79.00,NA,0.00,NA,0.00,NA,,,,,,0.00,0.00
2011,09006914000134,"123,491.00",-936.00,"122,555.00","1,851.79",66.18,"10,903.00","-1,430.00","-11,494.00","-2,021.00","11,068.00",120.00,1.02,"10,357.85",-0.02,0.09,0.07,,,,,,0.00,0.00
2012,09006914000134,"143,898.00",-980.00,"142,918.00","1,851.79",77.18,"12,084.00",0.00,"-12,008.00",76.00,"12,008.00",137.00,0.99,"11,479.80",0.17,0.10,0.26,,,,,,0.00,0.00
2013,09006914000134,"136,101.00","-1,187.00","134,914.00","1,851.79",72.86,"12,828.00",-326.00,"-12,637.00",-135.00,"12,637.00",168.00,0.99,"12,186.60",-0.06,0.09,0.03,,,,,,0.00,0.00
2014,09006914000134,"126,798.00","-1,085.00","125,713.00","1,851.79",67.89,"13,191.00",-144.00,"-13,264.00",-217.00,"13,264.00",166.00,1.01,"12,531.45",-0.07,0.10,0.03,,,,,,0.00,0.00
2015,09006914000134,"126,587.00","-1,137.00","125,450.00","1,851.79",67.75,"14,318.00",-233.00,"-14,286.00",-201.00,"14,286.00",159.00,1.00,"13,602.10",0.00,0.11,0.11,,,,,,0.00,0.00
2016,09006914000134,"136,621.00","-1,204.00","135,417.00","1,851.79",73.13,"15,541.00",0.00,"-15,043.00",498.00,"15,043.00",166.00,0.97,"14,763.95",0.08,0.12,0.20,,,,,,0.00,0.00
2009,09072017000129,"163,014.00","-3,806.00","159,208.00",150.00,"1,061.39","7,835.00","-56,367.00","68,579.00","20,047.00","8,201.00",892.00,1.05,"7,443.25",0.02,0.10,0.12,,,0.00,,0.00,0.00,0.00
2010,09072017000129,"314,246.00","-4,516.00","309,730.00",280.00,"1,106.18","15,970.00","-191,636.00","133,339.00","-42,327.00","18,940.00","1,960.00",1.19,"15,171.50",0.04,0.12,0.16,,,0.00,,0.00,0.00,0.00
2011,09072017000129,"495,420.00","-28,332.00","467,088.00",400.00,"1,167.72","35,822.00","-138,635.00","124,425.00","21,612.00","37,577.00","3,526.00",1.05,"34,030.90",0.06,0.12,0.18,,,0.00,,0.00,0.00,0.00
2012,09072017000129,"1,120,465.00","-13,084.00","1,107,381.00",659.31,"1,679.61","63,031.00","-426,871.00","355,885.00","-7,955.00","67,941.00","7,276.00",1.08,"59,879.45",0.44,0.15,0.58,,,0.00,,0.00,0.00,0.00
2013,09072017000129,"1,251,046.00","-26,443.00","1,224,603.00",738.31,"1,658.66","88,410.00","-123,007.00","33,815.00",-782.00,"99,809.00","12,207.00",1.13,"83,989.50",-0.01,0.09,0.08,,,0.00,,0.00,0.00,0.00
2014,09072017000129,"1,243,869.00","-49,250.00","1,194,619.00",738.31,"1,618.05","89,295.00","49,257.00","-103,009.00","35,543.00","103,009.00","12,240.00",1.15,"84,830.25",-0.02,0.08,0.06,,,0.00,,0.00,0.00,0.00
2015,09072017000129,"1,120,985.00","-15,197.00","1,105,788.00",738.31,"1,497.73","86,840.00","18,321.00","-123,527.00","-18,366.00","123,527.00","11,845.00",1.42,"82,498.00",-0.07,0.10,0.03,,"141,415.59","4,917.93",23.00,1.00,0.03,0.04
2016,09072017000129,"1,109,017.00","-19,553.00","1,089,464.00",738.31,"1,475.62","78,657.00","55,400.00","-90,219.00","43,838.00","90,219.00","11,035.00",1.15,"74,724.15",-0.01,0.08,0.07,,"140,824.43","4,917.93",22.00,1.00,0.03,0.05
2012,09276964000131,"139,561.00","-16,448.00","123,113.00",936.61,131.44,"20,240.00","5,894.00","-28,271.00","-2,137.00","6,732.00",442.00,0.33,"19,228.00",0.69,0.09,0.79,,,,,,,
2013,09276964000131,"141,487.00","-1,687.00","139,800.00","1,111.86",125.73,"13,727.00","-11,651.00","-2,539.00",-463.00,"3,454.00",389.00,0.25,"13,040.65",-0.04,0.03,-0.02,,,,,,,
2014,09276964000131,"143,676.00","-3,597.00","140,079.00","1,111.86",125.99,"18,629.00","-3,327.00","-15,302.00",0.00,"15,269.00",380.00,0.82,"17,697.55",0.00,0.11,0.11,,,,,,,
2015,09276964000131,"72,240.00",-412.00,"71,828.00","1,111.86",64.60,"-1,384.00","4,987.00","-3,602.00",1.00,"3,602.00",375.00,NA,0.00,-0.49,0.03,-0.46,,,,,,,
2016,09276964000131,"82,044.00",-89.00,"81,955.00","1,115.26",73.48,"-2,908.00","12,067.00","-9,160.00",-1.00,0.00,331.00,NA,0.00,0.14,0.00,0.14,,,,,,,
2015,09350920000104,"99,677.00",-30.00,"99,647.00",981.47,101.53,"8,106.00",0.00,"-7,970.00",136.00,"7,970.00",327.00,0.98,"7,700.70",-0.12,0.07,-0.05,,,,,,,
2016,09350920000104,"99,408.00",-54.00,"99,354.00",981.47,101.23,"8,722.00",0.00,"-8,647.00",75.00,"8,647.00",360.00,0.99,"8,285.90",0.00,0.09,0.08,,,,,,,
2011,10347985000180,"343,472.00","-70,403.00","273,069.00","2,710.00",100.76,"-3,044.00","27,268.00","-24,224.00",0.00,"24,224.00","2,138.00",NA,0.00,0.01,0.09,0.10,,,,,,,
2012,10347985000180,"286,923.00","-7,300.00","279,623.00","2,710.00",103.18,"94,942.00","-66,997.00","-27,945.00",0.00,"27,945.00","2,335.00",0.29,"90,194.90",0.02,0.10,0.13,,,,,,,
2013,10347985000180,"290,785.00","-1,655.00","289,130.00","2,710.00",106.69,"22,079.00",0.00,"-22,079.00",0.00,"22,079.00","2,368.00",1.00,"20,975.05",0.03,0.08,0.11,,,,,,,
2014,10347985000180,"310,484.00","-1,141.00","309,343.00","2,710.00",114.15,"9,875.00",0.00,"-9,855.00",20.00,"9,855.00","2,459.00",1.00,"9,381.25",0.07,0.03,0.10,,,,,,,
2015,10347985000180,"218,576.00","-1,010.00","217,566.00","2,710.00",80.28,"11,559.00",0.00,"-11,568.00",-9.00,"11,568.00","2,602.00",1.00,"10,981.05",-0.30,0.04,-0.26,,,,,,,
2016,10347985000180,"208,086.00","-1,029.00","207,057.00","2,710.00",76.40,"10,421.00",0.00,"-10,402.00",19.00,"10,402.00","1,892.00",1.00,"9,899.95",-0.05,0.05,0.00,,,,,,,
2010,10375382000191,"46,541.00",-622.00,"45,919.00",48.00,956.65,"5,076.00",-3.00,"-5,069.00",4.00,"5,069.00",562.00,1.00,"4,822.20",-0.03,0.11,0.07,,,,,,,
2011,10375382000191,"44,785.00",-727.00,"44,058.00",48.00,917.88,"5,249.00",-5.00,"-5,069.00",175.00,"5,069.00",609.00,0.97,"4,986.55",-0.04,0.11,0.07,,,,,,,
2012,10375382000191,"56,348.00",-547.00,"55,801.00",48.00,"1,162.52","5,075.00",0.00,"-5,117.00",-42.00,"5,117.00",666.00,1.01,"4,821.25",0.27,0.12,0.38,,,,,,,
2013,10375382000191,"54,085.00",-455.00,"53,630.00",48.00,"1,117.29","4,835.00","-1,146.00","-3,882.00",-193.00,"3,882.00",614.00,0.80,"4,593.25",-0.04,0.07,0.03,,,,,,,
2014,10375382000191,"60,540.00",-289.00,"60,251.00",48.00,"1,255.23","2,077.00",-830.00,"-1,247.00",0.00,"1,247.00",519.00,0.60,"1,973.15",0.12,0.02,0.15,,,,,,,
2015,10375382000191,"56,478.00",-399.00,"56,079.00",48.00,"1,168.31","2,828.00",-137.00,"-2,692.00",-1.00,"2,692.00",450.00,0.95,"2,686.60",-0.07,0.04,-0.02,,,,,,,
2016,10375382000191,"60,296.00",-352.00,"59,944.00",48.00,"1,248.83","3,232.00",-84.00,"-3,148.00",0.00,"3,148.00",360.00,0.97,"3,070.40",0.07,0.06,0.13,,,,,,,
2012,10427246000106,"871,972.00","-173,362.00","698,610.00","3,130.00",223.20,"69,923.00","18,844.00","-87,881.00",886.00,"60,696.00","1,894.00",0.87,"66,426.85",2.41,0.30,2.70,,,,,,,
2013,10427246000106,"1,364,834.00","-260,867.00","1,103,967.00","4,587.07",240.67,"77,092.00","-203,269.00","121,574.00","-4,603.00","44,748.00","2,304.00",0.58,"73,237.40",0.08,0.06,0.14,,,,,,,
2014,10427246000106,"1,468,675.00","-262,310.00","1,206,365.00","4,943.31",244.04,"108,103.00","-87,580.00","-20,524.00",-1.00,"79,998.00","2,072.00",0.74,"102,697.85",0.01,0.07,0.09,,,,,,,
2015,10427246000106,"1,350,728.00","-266,216.00","1,084,512.00","5,216.29",207.91,"73,421.00","-14,469.00","-58,951.00",1.00,"98,144.00","1,984.00",1.34,"69,749.95",-0.15,0.08,-0.07,,,,,,,
2016,10427246000106,"1,179,590.00","-268,514.00","911,076.00","5,712.01",159.50,"93,203.00","-65,161.00","-28,043.00",-1.00,"104,104.00","1,086.00",1.12,"88,542.85",-0.23,0.10,-0.14,,,,,,,
2010,10869155000112,"34,394.00","-10,617.00","23,777.00",119.00,199.81,"16,649.00",-244.00,"-11,875.00","4,530.00","11,899.00",292.00,0.71,"15,816.55",-0.04,0.48,0.43,,,,,,,
2011,10869155000112,"30,693.00","-7,922.00","22,771.00",119.00,191.35,"10,336.00",-191.00,"-12,106.00","-1,961.00","12,111.00",323.00,1.17,"9,819.20",-0.04,0.51,0.47,,,,,,,
2012,10869155000112,"399,119.00","-7,037.00","392,082.00",238.48,"1,644.11","15,617.00","-25,543.00","11,354.00","1,428.00","14,161.00",496.00,0.91,"14,836.15",7.59,0.62,8.21,,,,,,,
2013,10869155000112,"457,773.00","-7,100.00","450,673.00",238.48,"1,889.80","13,909.00","8,130.00","-27,938.00","-5,899.00","27,950.00",996.00,2.01,"13,213.55",0.15,0.07,0.22,,,,,,,
2014,10869155000112,"505,628.00","-4,255.00","501,373.00",238.48,"2,102.40","12,741.00","11,329.00","-24,069.00",1.00,"23,886.00","1,122.00",1.87,"12,103.95",0.11,0.05,0.17,,,,,,,
2015,10869155000112,"555,003.00","-7,937.00","547,066.00",238.48,"2,294.00","15,705.00",104.00,"-15,807.00",2.00,"15,927.00","1,256.00",1.01,"14,919.75",0.09,0.03,0.12,,,,,,,
2016,10869155000112,"613,132.00","-9,053.00","604,079.00",238.48,"2,533.07","18,712.00","15,369.00","-34,083.00",-2.00,"34,157.00","1,389.00",1.83,"17,776.40",0.10,0.06,0.17,,,,,,,
2011,10991914000115,"68,207.00","-1,279.00","66,928.00",68.52,976.79,"6,200.00","-2,329.00","-5,181.00","-1,310.00","5,181.00",730.00,0.84,"5,890.00",0.01,0.08,0.09,,,,,,,
2012,10991914000115,"154,899.00","-1,337.00","153,562.00",68.52,"2,241.19","10,964.00",-13.00,"-10,239.00",712.00,"10,225.00",618.00,0.93,"10,415.80",1.29,0.15,1.45,,,,,,,
2013,10991914000115,"156,540.00","-1,366.00","155,174.00",68.52,"2,264.72","11,979.00",0.00,"-11,359.00",620.00,"11,219.00",655.00,0.94,"11,380.05",0.01,0.07,0.08,,,,,,,
2014,10991914000115,"153,502.00","-1,453.00","152,049.00",68.52,"2,219.11","12,625.00",0.00,"-11,909.00",716.00,"11,752.00",705.00,0.93,"11,993.75",-0.02,0.08,0.06,,,,,,,
2015,10991914000115,"160,269.00","-1,572.00","158,697.00",68.52,"2,316.14","13,474.00",0.00,"-12,707.00",767.00,"12,707.00",739.00,0.94,"12,800.30",0.04,0.08,0.13,,,,,,,
2016,10991914000115,"156,128.00","-1,711.00","154,417.00",68.52,"2,253.67","14,744.00",0.00,"-13,885.00",859.00,"13,885.00",806.00,0.94,"14,006.80",-0.03,0.09,0.06,,,,,,,
2012,10993386000133,"235,727.00","-34,222.00","201,505.00","1,327.30",151.82,"14,767.00",0.00,"-16,729.00","-1,962.00","6,756.00",449.00,0.46,"14,028.65",1.58,0.09,1.67,,,,,,,
2013,10993386000133,"243,866.00","-21,576.00","222,290.00","1,327.30",167.48,"17,294.00",-149.00,"-17,365.00",-220.00,"4,949.00",551.00,0.29,"16,429.30",0.10,0.02,0.13,,,,,,,
2014,10993386000133,"223,567.00","-5,090.00","218,477.00","1,327.30",164.60,"22,231.00",26.00,"-22,258.00",-1.00,"5,086.00",594.00,0.23,"21,119.45",-0.02,0.02,0.01,,,,,,,
2015,10993386000133,"134,273.00","-1,888.00","132,385.00","1,327.30",99.74,"20,460.00",142.00,"-20,601.00",1.00,"16,138.00",594.00,0.79,"19,437.00",-0.39,0.07,-0.32,,,,,,,
2016,10993386000133,"153,200.00","-4,195.00","149,005.00","1,327.30",112.26,"24,329.00","-1,823.00","-22,507.00",-1.00,"22,507.00",391.00,0.93,"23,112.55",0.13,0.17,0.30,,,,,,,
2014,11044355000107,"139,207.00","-33,356.00","105,851.00",10.85,"9,754.05","3,617.00","-29,648.00","24,500.00","-1,531.00","4,900.00",195.00,1.35,"3,436.15",0.20,0.08,0.29,,,,,,,
2015,11044355000107,"179,103.00","-40,238.00","138,865.00",12.93,"10,738.92","5,987.00","-20,796.00","14,400.00",-409.00,"6,075.00",203.00,1.01,"5,687.65",0.10,0.06,0.16,,,,,,,
2016,11044355000107,"288,691.00","-47,909.00","240,782.00",14.14,"17,029.63","9,386.00","-14,826.00","4,800.00",-640.00,"8,180.00",221.00,0.87,"8,916.70",0.59,0.06,0.64,,,,,,,
2010,11179118000145,"52,795.00",-533.00,"52,262.00",518.01,100.89,"4,510.00","-14,491.00","10,431.00",450.00,"4,089.00",213.00,0.91,"4,284.50",0.01,0.11,0.12,,,,,,,
2011,11179118000145,"52,227.00",-578.00,"51,649.00",518.01,99.71,"6,113.00",0.00,"-6,077.00",36.00,"6,077.00",240.00,0.99,"5,807.35",-0.01,0.12,0.10,,,,,,,
2012,11179118000145,"72,308.00",-574.00,"71,734.00",518.01,138.48,"5,903.00",0.00,"-6,408.00",-505.00,"6,408.00",259.00,1.09,"5,607.85",0.39,0.12,0.51,,,,,,,
2013,11179118000145,"76,202.00",-619.00,"75,583.00",518.01,145.91,"6,771.00",-249.00,"-6,632.00",-110.00,"6,632.00",280.00,0.98,"6,432.45",0.05,0.09,0.15,,,,,,,
2014,11179118000145,"77,938.00",-765.00,"77,173.00",518.01,148.98,"7,857.00",-469.00,"-7,389.00",-1.00,"7,389.00",295.00,0.94,"7,464.15",0.02,0.10,0.12,,,,,,,
2015,11179118000145,"105,062.00",-993.00,"104,069.00",642.17,162.06,"10,950.00","-15,535.00","4,586.00",1.00,"10,917.00",342.00,1.00,"10,402.50",0.09,0.14,0.23,,,,,,,
2016,11179118000145,"110,684.00","-1,116.00","109,568.00",642.17,170.62,"11,684.00",387.00,"-12,072.00",-1.00,"12,072.00",403.00,1.03,"11,099.80",0.05,0.12,0.17,,,,,,,
2014,11233841000165,"185,880.00","-2,530.00","183,350.00","1,310.44",139.91,"20,904.00","-7,006.00","-12,870.00","1,028.00","19,602.00",174.00,0.94,"19,858.80",-0.02,0.11,0.09,,,,,,,
2015,11233841000165,"162,962.00",-49.00,"162,913.00","1,310.44",124.32,"19,709.00","6,320.00","-27,087.00","-1,058.00","21,587.00",166.00,1.10,"18,723.55",-0.11,0.12,0.01,,,,,,,
2016,11233841000165,"166,819.00",-944.00,"165,875.00","1,310.44",126.58,"17,400.00","2,139.00","-18,296.00","1,243.00","18,296.00",173.00,1.05,"16,530.00",0.02,0.11,0.13,,,,,,,
2013,11241018000100,"111,839.00","-110,764.00","1,075.00",0.61,"1,750.81","-5,740.00","-34,840.00","84,537.00","43,957.00",0.00,114.00,NA,0.00,-0.98,0.00,-0.98,,,,,,,
2014,11241018000100,"2,805.00","-2,805.00",0.00,0.61,0.00,"6,904.00","-50,958.00","41,687.00","-2,367.00",0.00,180.00,0.00,"6,558.80",-1.00,0.00,-1.00,,,,,,,
2011,11260134000168,"161,926.00","-1,535.00","160,391.00",165.00,972.07,"16,153.00",0.00,"-16,091.00",62.00,"15,337.00",904.00,0.95,"15,345.35",-0.02,0.09,0.08,,,,,,,
2012,11260134000168,"190,551.00","-1,196.00","189,355.00",165.00,"1,147.61","17,453.00","-1,145.00","-16,837.00",-529.00,"16,837.00","1,048.00",0.96,"16,580.35",0.18,0.10,0.29,,,,,,,
2013,11260134000168,"229,212.00","-1,695.00","227,517.00",165.00,"1,378.89","18,990.00",-96.00,"-18,595.00",299.00,"18,595.00","1,142.00",0.98,"18,040.50",0.20,0.10,0.30,,,,,,,
2014,11260134000168,"221,553.00","-1,687.00","219,866.00",165.00,"1,332.52","19,649.00",0.00,"-18,646.00","1,003.00","18,646.00",931.00,0.95,"18,666.55",-0.03,0.08,0.05,,,,,,,
2015,11260134000168,"199,957.00","-1,505.00","198,452.00",165.00,"1,202.74","17,582.00",-20.00,"-17,854.00",-292.00,"17,854.00",848.00,1.02,"16,702.90",-0.10,0.08,-0.02,,,,,,,
2016,11260134000168,"172,385.00","-1,398.00","170,987.00",165.00,"1,036.28","14,976.00",-83.00,"-15,346.00",-453.00,"15,346.00",932.00,1.02,"14,227.20",-0.14,0.08,-0.06,,,,,,,
2011,11268335000101,"19,483.00",-26.00,"19,457.00",0.02,"1,216,062.50",-19.00,"-4,073.00","4,092.00",0.00,0.00,49.00,NA,0.00,0.18,0.00,0.18,,,,,,,
2012,11268335000101,"83,780.00","-25,564.00","58,216.00",0.05,"1,141,490.20",111.00,"-30,698.00","30,679.00",92.00,0.00,73.00,0.00,105.45,-0.06,0.00,-0.06,,,,,,,
2013,11268335000101,"140,877.00","-32,223.00","108,654.00",0.11,"1,006,055.56","-21,204.00","-15,261.00","36,663.00",198.00,0.00,21.00,NA,0.00,-0.12,0.00,-0.12,,,,,,,
2014,11268335000101,"173,687.00","-6,667.00","167,020.00",0.14,"1,159,861.11",228.00,"-33,470.00","32,995.00",-247.00,0.00,28.00,0.00,216.60,0.15,0.00,0.15,,,,,,,
2015,11268335000101,"185,430.00","-5,326.00","180,104.00",0.14,"1,250,722.22",880.00,"-1,549.00",927.00,258.00,0.00,32.00,0.00,836.00,0.08,0.00,0.08,,,,,,,
2016,11268335000101,"198,417.00","-5,093.00","193,324.00",0.15,"1,263,555.56","3,049.00","-14,730.00","11,430.00",-251.00,0.00,33.00,0.00,"2,896.55",0.01,0.00,0.01,,,,,,,
2012,11274415000170,"107,001.00","-2,820.00","104,181.00",59.25,"1,758.48","6,509.00","-1,239.00","-5,737.00",-467.00,"5,737.00",157.00,0.88,"6,183.55",0.83,0.10,0.93,,,,,,,
2013,11274415000170,"112,548.00","-2,679.00","109,869.00",59.25,"1,854.49","6,943.00",-853.00,"-6,100.00",-10.00,"6,100.00",164.00,0.88,"6,595.85",0.05,0.06,0.11,,,,,,,
2014,11274415000170,"114,422.00","-2,436.00","111,986.00",59.25,"1,890.22","7,238.00",-517.00,"-6,721.00",0.00,"6,721.00",175.00,0.93,"6,876.10",0.02,0.06,0.08,,,,,,,
2015,11274415000170,"121,651.00","-2,658.00","118,993.00",59.25,"2,008.49","7,671.00","-1,009.00","-6,662.00",0.00,"6,662.00",179.00,0.87,"7,287.45",0.06,0.06,0.12,,,,,,,
2016,11274415000170,"100,530.00","-3,563.00","96,967.00",59.25,"1,636.71","8,062.00",-657.00,"-7,406.00",-1.00,"7,406.00",192.00,0.92,"7,658.90",-0.19,0.06,-0.12,,,,,,,
2010,11281322000172,"190,159.00",-95.00,"190,064.00",195.00,974.69,"4,981.00","-189,672.00","184,708.00",17.00,"10,292.00",280.00,2.07,"4,731.95",NA,NA,NA,,"16,138.27","4,291.78",2.00,1.00,0.27,0.50
2011,11281322000172,"188,097.00",-86.00,"188,011.00",195.00,964.16,"18,922.00",0.00,"-18,938.00",-16.00,"18,938.00",484.00,1.00,"17,975.90",-0.01,0.10,0.09,,"16,138.27","4,291.78",2.00,1.00,0.27,0.50
2012,11281322000172,"248,375.00",-128.00,"248,247.00",195.00,"1,273.06","20,253.00",0.00,"-20,252.00",1.00,"20,252.00",683.00,1.00,"19,240.35",0.32,0.11,0.43,,"16,138.27","4,291.78",2.00,1.00,0.27,0.50
2013,11281322000172,"290,180.00",-148.00,"290,032.00",195.00,"1,487.34","21,407.00",0.00,"-21,394.00",13.00,"21,394.00",900.00,1.00,"20,336.65",0.17,0.09,0.25,,"16,138.27","4,291.78",2.00,1.00,0.27,0.50
2014,11281322000172,"213,878.00",-132.00,"213,746.00",195.00,"1,096.13","21,475.00",0.00,"-21,481.00",-6.00,"21,481.00",193.00,1.00,"20,401.25",-0.26,0.07,-0.19,,"16,138.27","4,291.78",2.00,1.00,0.27,0.50
2015,11281322000172,"159,669.00",-152.00,"159,517.00",195.00,818.04,"14,646.00",0.00,"-14,615.00",31.00,"14,615.00",386.00,1.00,"13,913.70",-0.25,0.07,-0.19,,"16,138.27","4,291.78",2.00,1.00,0.27,0.50
2016,11281322000172,"126,295.00",-148.00,"126,147.00",195.00,646.91,"7,873.00",0.00,"-7,283.00",590.00,"7,283.00",430.00,0.93,"7,479.35",-0.21,0.05,-0.16,,"16,138.27","4,291.78",2.00,1.00,0.27,0.50
2012,11326746000106,"150,162.00","-46,044.00","104,118.00",17.45,"5,966.65","11,657.00","-11,698.00",0.00,-41.00,0.00,519.00,0.00,"11,074.15",0.12,0.00,0.12,,,,,,,
2013,11326746000106,"224,639.00","-29,239.00","195,400.00",17.45,"11,197.71","12,094.00","-12,378.00",0.00,-284.00,0.00,630.00,0.00,"11,489.30",0.88,0.00,0.88,,,,,,,
2014,11326746000106,"244,086.00","-18,063.00","226,023.00",17.45,"12,952.61","12,172.00","-12,173.00",0.00,-1.00,0.00,213.00,0.00,"11,563.40",0.16,0.00,0.16,,,,,,,
2015,11326746000106,"247,070.00","-1,261.00","245,809.00",17.45,"14,086.48","14,193.00","-2,194.00","-12,000.00",-1.00,"12,000.00",667.00,0.85,"13,483.35",0.09,0.05,0.14,,,,,,,
2016,11326746000106,"342,146.00","-75,583.00","266,563.00",17.45,"15,275.82","14,232.00","-14,209.00",0.00,23.00,0.00,259.00,0.00,"13,520.40",0.08,0.00,0.08,,,,,,,
2010,11602654000101,"167,125.00","-1,482.00","165,643.00",167.00,991.87,"8,102.00","-167,000.00","159,003.00",105.00,"7,998.00",247.00,0.99,"7,696.90",NA,NA,NA,,,,,,,
2011,11602654000101,"164,391.00","-1,459.00","162,932.00",167.00,975.64,"16,589.00",0.00,"-16,633.00",-44.00,"16,633.00",580.00,1.00,"15,759.55",-0.02,0.10,0.08,,,,,,,
2012,11602654000101,"239,293.00","-1,485.00","237,808.00",167.00,"1,424.00","16,642.00",0.00,"-16,633.00",9.00,"16,633.00",743.00,1.00,"15,809.90",0.46,0.10,0.56,,,,,,,
2013,11602654000101,"259,627.00","-1,603.00","258,024.00",167.00,"1,545.05","16,680.00",17.00,"-16,766.00",-69.00,"16,766.00",797.00,1.01,"15,846.00",0.09,0.07,0.16,,,,,,,
2014,11602654000101,"229,531.00","-1,648.00","227,883.00",167.00,"1,364.57","18,745.00",-375.00,"-18,370.00",0.00,"18,370.00",861.00,0.98,"17,807.75",-0.12,0.07,-0.05,,,,,,,
2015,11602654000101,"247,648.00","-1,723.00","245,925.00",167.00,"1,472.60","20,198.00",-752.00,"-19,444.00",2.00,"19,444.00",782.00,0.96,"19,188.10",0.08,0.09,0.16,,,,,,,
2016,11602654000101,"244,655.00","-1,804.00","242,851.00",167.00,"1,454.20","21,255.00",-702.00,"-20,555.00",-2.00,"20,555.00",847.00,0.97,"20,192.25",-0.01,0.08,0.07,,,,,,,
2011,11664201000100,"33,097.00",-35.00,"33,062.00",289.42,114.24,"1,998.00","-27,132.00","26,200.00","1,066.00",517.00,341.00,0.26,"1,898.10",NA,NA,NA,,,,,,,
2012,11664201000100,"98,442.00",-78.00,"98,364.00",876.38,112.24,"2,361.00","-31,446.00","60,819.00","31,734.00","4,821.00",326.00,2.04,"2,242.95",-0.02,0.15,0.13,,,,,,,
2013,11664201000100,"96,641.00",-985.00,"95,656.00",876.38,109.15,"5,408.00","-27,266.00","-10,407.00","-32,265.00","10,407.00",943.00,1.92,"5,137.60",-0.03,0.11,0.08,,,,,,,
2014,11664201000100,"133,758.00","-1,483.00","132,275.00","1,235.77",107.04,"5,504.00","-26,051.00","25,356.00","4,809.00","12,773.00",978.00,2.32,"5,228.80",-0.02,0.13,0.11,,,,,,,
2015,11664201000100,"130,320.00","-1,872.00","128,448.00","1,235.77",103.94,"17,768.00",267.00,"-17,139.00",896.00,"17,139.00","1,317.00",0.96,"16,879.60",-0.03,0.13,0.10,,,,,,,
2016,11664201000100,"175,504.00","-2,210.00","173,294.00","1,694.50",102.27,"23,557.00","-48,364.00","22,348.00","-2,459.00","23,374.00","1,608.00",0.99,"22,379.15",-0.02,0.18,0.17,,,,,,,
2014,11701400000140,"30,142.00",-561.00,"29,581.00","12,243.47",2.42,566.00,-348.00,-544.00,-326.00,544.00,164.00,0.96,537.70,0.23,0.02,0.25,,,,,,,
2015,11701400000140,"28,327.00",-495.00,"27,832.00","12,243.47",2.27,518.00,-980.00,-535.00,-997.00,535.00,170.00,1.03,492.10,-0.06,0.02,-0.04,,,,,,,
2016,11701400000140,"30,042.00",-718.00,"29,324.00","13,300.00",2.20,367.00,-568.00,"2,091.00","1,890.00",286.00,188.00,0.78,348.65,-0.03,0.01,-0.02,,,,,,,
2011,11728688000147,"287,283.00","-2,414.00","284,869.00",272.01,"1,047.27","15,342.00","-177,399.00","177,976.00","15,919.00","12,846.00",907.00,0.84,"14,574.90",0.01,0.14,0.15,,,,,,,
2012,11728688000147,"552,342.00","-102,426.00","449,916.00",340.10,"1,322.89","31,608.00","-129,279.00","38,180.00","-59,491.00","31,956.00","2,502.00",1.01,"30,027.60",0.26,0.11,0.38,,,,,,,
2013,11728688000147,"480,343.00","-73,309.65","407,033.35",340.10,"1,196.80","34,575.00","-5,711.00","-34,300.00","-5,436.00","34,300.00","2,489.00",0.99,"32,846.25",-0.10,0.08,-0.02,,,,,,,
2014,11728688000147,"403,848.00","-29,244.00","374,604.00",340.10,"1,101.45","36,384.00","21,477.00","-42,138.00","15,723.00","42,138.00","2,234.00",1.16,"34,564.80",-0.08,0.10,0.02,,,,,,,
2015,11728688000147,"363,493.00","-9,670.00","353,823.00",340.10,"1,040.35","34,361.00","8,143.00","-49,961.00","-7,457.00","49,961.00","2,151.00",1.45,"32,642.95",-0.06,0.13,0.08,,,,,,,
2016,11728688000147,"373,266.00","-4,823.00","368,443.00",340.10,"1,083.34","35,518.00","-8,831.00","-35,506.00","-8,819.00","35,506.00","2,149.00",1.00,"33,742.10",0.04,0.10,0.14,,,,,,,
2014,11769604000113,993.00,-51.00,942.00,600.00,1.57,"-17,602.00","60,496.00","-42,808.00",86.00,0.00,153.00,NA,0.00,-0.99,0.00,-0.99,,,,,,,
2015,11769604000113,113.00,-45.00,68.00,600.00,0.11,-165.00,0.00,0.00,-165.00,0.00,151.00,NA,0.00,-0.93,0.00,-0.93,,,,,,,
2016,11769604000113,3.00,-41.00,-38.00,600.40,-0.06,-150.00,0.00,40.00,-110.00,0.00,95.00,NA,0.00,NA,0.00,NA,,,,,,,
2010,11839593000109,"84,053.00",-383.00,"83,670.00",891.73,93.83,841.00,"-81,875.00","83,406.00","2,372.00","2,273.00",69.00,2.70,798.95,NA,NA,NA,,,,,,,
2011,11839593000109,"93,726.00",-170.00,"93,556.00",916.36,102.10,"7,724.00","-2,531.00","-5,926.00",-733.00,"8,220.00",233.00,1.06,"7,337.80",0.09,0.10,0.19,,,,,,,
2012,11839593000109,"182,081.00",-763.00,"181,318.00","1,422.61",127.45,"12,362.00","-51,928.00","53,657.00","14,091.00","12,584.00",655.00,1.02,"11,743.90",0.25,0.13,0.38,,,,,,,
2013,11839593000109,"176,778.00",-261.00,"176,517.00","1,591.36",110.92,"14,992.00","-6,423.00","-15,075.00","-6,506.00","14,999.00",456.00,1.00,"14,242.40",-0.13,0.08,-0.05,,,,,,,
2014,11839593000109,"169,401.00",-259.00,"169,142.00","1,649.32",102.55,"15,460.00","-8,846.00","-10,813.00","-4,199.00","16,050.00",432.00,1.04,"14,687.00",-0.08,0.09,0.02,,,,,,,
2015,11839593000109,"141,744.00","-1,025.00","140,719.00","1,649.32",85.32,"15,851.00","16,830.00","-35,497.00","-2,816.00","22,636.00",382.00,1.43,"15,058.45",-0.17,0.13,-0.03,,,,,,,
2016,11839593000109,"150,062.00",-212.00,"149,850.00","1,649.32",90.86,"14,215.00","-1,694.00","-13,514.00",-993.00,"13,514.00",368.00,0.95,"13,504.25",0.06,0.10,0.16,,,,,,,
2014,11945604000127,"151,147.00","-5,372.00","145,775.00",126.52,"1,152.16","32,256.00","20,465.00","-52,798.00",-77.00,"52,798.00",507.00,1.64,"30,643.20",-0.13,0.32,0.19,,,,,,,
2015,11945604000127,"110,157.00","-7,376.00","102,781.00",126.52,812.35,"8,125.00","66,126.00","-74,023.00",228.00,"17,423.00",158.00,2.14,"7,718.75",-0.29,0.12,-0.18,,,,,,,
2016,11945604000127,"78,362.00","-3,644.00","74,718.00",126.52,590.55,"23,647.00","19,944.00","-41,095.00","2,496.00","12,865.00",385.00,0.54,"22,464.65",-0.27,0.13,-0.15,,,,,,,
2017,11945604000127,"87,157.00","-8,797.00","78,360.00",126.52,619.33,"8,827.00","2,488.00","-13,641.00","-2,326.00","3,041.00",618.00,0.34,"8,385.65",0.05,0.04,0.09,,,,,,,
2011,12005956000165,"268,903.00","-5,100.00","263,803.00","2,589.79",101.86,"11,407.00","-228,167.00","251,102.00","34,342.00","9,368.00","2,379.00",0.82,"10,836.65",NA,NA,NA,,,,,,,
2012,12005956000165,"878,455.00","-7,322.00","871,133.00","7,722.00",112.81,"51,728.00","-314,896.00","563,947.00","300,779.00","48,435.00","9,241.00",0.94,"49,141.60",0.11,0.18,0.29,,,,,,,
2013,12005956000165,"2,372,704.00","-178,183.00","2,194,521.00","13,797.00",159.06,"85,596.00","-1,142,991.00","908,821.00","-148,574.00","83,999.00","20,748.00",0.98,"81,316.20",0.41,0.10,0.51,,,,,,,
2014,12005956000165,"2,376,227.00","-221,420.00","2,154,807.00","13,797.00",156.18,"150,261.00","-166,244.00","-144,041.00","-160,024.00","144,041.00","22,159.00",0.96,"142,747.95",-0.02,0.07,0.05,,,,,,,
2015,12005956000165,"2,377,760.00","-218,980.00","2,158,780.00","13,797.00",156.47,"157,083.00",223.00,"-152,320.00","4,986.00","148,334.00","19,537.00",0.94,"149,228.85",0.00,0.07,0.07,,,,,,,
2016,12005956000165,"2,223,909.00","-214,910.00","2,008,999.00","13,797.00",145.61,"145,783.00","10,294.00","-152,318.00","3,759.00","140,030.00","19,779.00",0.96,"138,493.85",-0.07,0.06,0.00,,,,,,,
2017,12005956000165,"2,304,188.00","-201,941.00","2,102,247.00","14,599.29",144.00,"125,296.00",186.00,"-34,717.00","90,765.00","123,011.00","24,394.00",0.98,"119,031.20",-0.01,0.06,0.05,,,,,,,
2011,12093377000111,"705,271.00",-257.00,"705,014.00",692.60,"1,017.92","63,113.00",-161.00,"-20,136.00","42,816.00","20,136.00","1,376.00",0.32,"59,957.35",0.01,0.03,0.04,,"42,985.15","24,735.47",1.00,1.00,0.58,1.00
2012,12093377000111,"1,147,914.00",-38.00,"1,147,876.00",692.60,"1,657.34","79,447.00","2,748.00","-125,060.00","-42,865.00","125,060.00","1,345.00",1.57,"75,474.65",0.63,0.18,0.81,,"42,985.15","24,735.47",1.00,1.00,0.58,1.00
2013,12093377000111,"1,191,617.00","-38,074.00","1,153,543.00",692.60,"1,665.52","92,331.00","-42,188.00","-50,143.00",0.00,"50,143.00",420.00,0.54,"87,714.45",0.00,0.04,0.05,,"42,985.15","30,919.34",1.00,1.00,0.72,1.00
2014,12093377000111,"1,164,654.00","-14,561.00","1,150,093.00",692.60,"1,660.54","78,502.00","41,808.00","-120,310.00",0.00,"121,870.00",458.00,1.55,"74,576.90",0.00,0.11,0.10,,"42,985.15","30,919.34",1.00,1.00,0.72,1.00
2015,12093377000111,"1,138,494.00","-15,472.00","1,123,022.00",692.60,"1,621.46","93,230.00","-5,148.00","-88,082.00",0.00,"88,500.00",466.00,0.95,"88,568.50",-0.02,0.08,0.05,,"42,985.15","30,919.34",1.00,1.00,0.72,1.00
2011,12323955000169,"13,276.00",-355.00,"12,921.00",13.49,957.75,"1,333.00","-13,362.00","12,216.00",187.00,0.00,99.00,0.00,"1,266.35",NA,NA,NA,,,,,,,
2012,12323955000169,"1,467.00",-10.00,"1,457.00",16.96,85.93,595.00,"24,223.00","-25,005.00",-187.00,"13,946.00",82.00,23.44,565.25,-0.91,1.08,0.17,,,,,,,
2013,12323955000169,"1,137.00",-15.00,"1,122.00",16.96,66.18,-32.00,32.00,0.00,0.00,0.00,14.00,NA,0.00,-0.23,0.00,-0.23,,,,,,,
2014,12323955000169,753.00,-17.00,736.00,16.96,43.41,-39.00,239.00,-200.00,0.00,0.00,10.00,NA,0.00,-0.34,0.00,-0.34,,,,,,,
2015,12323955000169,"30,515.00",-64.00,"30,451.00",772.74,39.41,-640.00,"-26,880.00","27,520.00",0.00,"2,018.00",30.00,NA,0.00,-0.09,2.74,2.65,,,,,,,
2011,12323987000164,"520,017.00","-2,311.00","517,706.00",523.21,989.48,"-1,049.00","-518,165.00","520,130.00",916.00,0.00,"1,903.00",NA,0.00,NA,NA,NA,,"35,149.73",0.00,2.00,0.00,0.00,0.00
2012,12323987000164,"646,778.00","-1,630.00","645,148.00",534.28,"1,207.51","-1,513.00","-1,249.00","2,000.00",-762.00,0.00,"1,452.00",NA,0.00,0.22,0.00,0.22,,"35,149.73",0.00,2.00,0.00,0.00,0.00
2013,12323987000164,"716,170.00",-508.00,"715,662.00",549.87,"1,301.51","-8,676.00","-10,397.00","19,001.00",-72.00,0.00,537.00,NA,0.00,0.08,0.00,0.08,,"35,149.73","18,292.69",2.00,2.00,0.52,1.00
2014,12323987000164,"703,768.00","-2,115.00","701,653.00",559.14,"1,254.87","-5,234.00","-6,768.00","12,002.00",0.00,0.00,650.00,NA,0.00,-0.04,0.00,-0.04,,"35,149.73","18,292.69",2.00,2.00,0.52,1.00
2015,12323987000164,"396,175.00","-1,031.00","395,144.00",559.14,706.70,"14,393.00","58,071.00","-72,464.00",0.00,"4,764.00",697.00,0.33,"13,673.35",-0.44,0.01,-0.43,,"35,149.73",0.00,2.00,0.00,0.00,0.00
2016,12323987000164,"5,344.00",-198.00,"5,146.00",559.14,9.20,-838.00,"393,338.00","-392,500.00",0.00,0.00,716.00,NA,0.00,-0.99,0.00,-0.99,,"35,149.73",0.00,2.00,0.00,0.00,0.00
2012,12358507000109,"464,764.00","-7,503.00","457,261.00",400.24,"1,142.48","10,789.00",-489.00,"-12,368.00","-2,068.00","8,701.00",663.00,0.81,"10,249.55",0.13,0.02,0.15,,,,,,,
2013,12358507000109,"539,298.00","-3,991.00","535,307.00",400.24,"1,337.48","9,541.00",-579.00,"-9,681.00",-719.00,"6,681.00",714.00,0.70,"9,063.95",0.17,0.01,0.19,,,,,,,
2014,12358507000109,"591,238.00","-4,555.00","586,683.00",400.24,"1,465.85","10,509.00",-549.00,"-9,960.00",0.00,"9,960.00",819.00,0.95,"9,983.55",0.10,0.02,0.11,,,,,,,
2015,12358507000109,"639,530.00","-5,289.00","634,241.00",400.24,"1,584.67","11,927.00",-627.00,"-11,300.00",0.00,"11,300.00",903.00,0.95,"11,330.65",0.08,0.02,0.10,,,,,,,
2016,12358507000109,"662,810.00",-451.00,"662,359.00",400.24,"1,654.93","17,402.00",-852.00,"-16,550.00",0.00,"16,550.00",795.00,0.95,"16,531.90",0.04,0.03,0.07,,,,,,,
2012,12401858000147,"372,600.00","-272,969.00","99,631.00",0.01,"9,963,100.00",62.00,"-242,929.00","243,230.00",363.00,"10,000.00",106.00,161.29,58.90,NA,NA,NA,,"22,111.37","11,690.21",1.00,1.00,0.53,1.00
2013,12401858000147,"388,871.00","-316,995.00","71,876.00",0.01,"7,187,600.00",-49.00,"1,686.00","-2,000.00",-363.00,"2,000.00",300.00,NA,0.00,-0.28,0.02,-0.26,,"22,111.37","11,690.21",1.00,1.00,0.53,1.00
2014,12401858000147,"380,630.00","-365,920.00","14,710.00",0.01,"1,471,000.00",15.00,-15.00,0.00,0.00,0.00,300.00,0.00,14.25,-0.80,0.00,-0.80,,"47,787.25","11,690.21",1.00,1.00,0.24,1.00
2015,12401858000147,"427,882.00","-391,759.00","36,123.00",0.01,"3,612,300.00",-8.00,16.00,0.00,8.00,0.00,300.00,NA,0.00,1.46,0.00,1.46,,"47,787.25","11,690.21",1.00,1.00,0.24,1.00
2016,12401858000147,"473,765.00","-433,251.00","40,514.00",0.01,"4,051,400.00","43,998.00",49.00,"-44,053.00",-6.00,"44,053.00",300.00,1.00,"41,798.10",0.12,1.22,1.34,,"48,995.48","11,690.21",1.00,1.00,0.24,1.00
2013,12516185000170,"68,234.00","-68,102.00",132.00,200.00,0.66,-70.00,0.00,200.00,130.00,0.00,52.00,NA,0.00,NA,NA,NA,,,0.00,,0.00,0.00,0.00
2014,12516185000170,"77,780.00","-75,113.00","2,667.00","1,000.00",2.67,-300.00,-627.00,800.00,-127.00,0.00,183.00,NA,0.00,3.04,0.00,3.04,,,0.00,,0.00,0.00,0.00
2015,12516185000170,"112,023.00","-75,146.00","36,877.00","1,000.00",36.88,"1,169.00","-1,171.00",0.00,-2.00,0.00,183.00,0.00,"1,110.55",12.83,0.00,12.83,,"3,471.86","1,735.93",1.00,1.00,0.50,1.00
2016,12516185000170,"117,800.00","-74,498.00","43,302.00","1,060.84",40.82,"1,329.00","-3,606.00","2,277.00",0.00,0.00,136.00,0.00,"1,262.55",0.11,0.00,0.11,,"3,471.86","1,735.93",1.00,1.00,0.50,1.00
2011,12681340000104,"154,284.00",-666.00,"153,618.00","1,590.00",96.62,"-131,901.00","-9,690.00","154,872.00","13,281.00","4,128.00",346.00,NA,0.00,NA,NA,NA,,,,,,,
2012,12681340000104,"155,064.00",-559.00,"154,505.00","1,590.00",97.17,"135,451.00","-80,815.00","-5,268.00","49,368.00","5,268.00",844.00,0.04,"128,678.45",0.01,0.03,0.04,,,,,,,
2013,12681340000104,"154,849.00",-820.00,"154,029.00","1,590.00",96.87,"-42,365.00","-13,590.00","-3,716.00","-59,671.00","3,716.00",610.00,NA,0.00,0.00,0.02,0.02,,,,,,,
2014,12681340000104,"154,341.00",-713.00,"153,628.00","1,590.00",96.62,"33,000.00","-30,852.00","-4,333.00","-2,185.00","4,333.00",834.00,0.13,"31,350.00",0.00,0.03,0.03,,,,,,,
2015,12681340000104,"147,338.00","-4,278.00","143,060.00","1,590.00",89.97,"30,221.00","-14,030.00","-8,424.00","7,767.00","8,424.00",841.00,0.28,"28,709.95",-0.07,0.05,-0.01,,,,,,,
2016,12681340000104,"154,806.00","-1,887.00","152,919.00","1,590.00",96.18,"15,503.00","-3,133.00","-16,427.00","-4,057.00","16,427.00",799.00,1.06,"14,727.85",0.07,0.11,0.18,,,,,,,
2012,12804013000100,"17,072.00","-7,879.00","9,193.00",30.00,306.43,"-5,657.00",0.00,"10,441.00","4,784.00",0.00,100.00,NA,0.00,NA,NA,NA,,"4,564.70",0.00,1.00,0.00,0.00,0.00
2013,12804013000100,"40,249.00","-35,495.00","4,754.00",30.00,158.47,"3,079.00",-2.00,0.00,"3,077.00",0.00,101.00,0.00,"2,925.05",-0.48,0.00,-0.48,,"4,564.70",0.00,1.00,0.00,0.00,0.00
2014,12804013000100,"88,574.00","-70,195.00","18,379.00",34.04,539.91,"-3,402.00",0.00,852.00,"-2,550.00",0.00,380.00,NA,0.00,2.41,0.00,2.41,,"4,564.70","2,157.86",1.00,1.00,0.47,1.00
2015,12804013000100,"155,566.00","-132,672.00","22,894.00",34.04,672.54,"-1,444.00",0.00,"5,841.00","4,397.00",0.00,530.00,NA,0.00,0.25,0.00,0.25,,"4,564.70","2,157.86",1.00,1.00,0.47,1.00
2016,12804013000100,"198,657.00","-162,529.00","36,128.00",50.00,722.56,"-2,810.00",0.00,"-6,296.00","-9,106.00",0.00,604.00,NA,0.00,0.07,0.00,0.07,,"4,564.70","2,157.86",1.00,1.00,0.47,1.00
2014,12809972000100,"273,611.00",-254.00,"273,357.00",159.52,"1,713.62",-396.00,"-14,578.00",-144.00,"-15,118.00",144.00,"1,022.00",NA,0.00,0.53,0.00,0.53,,,,,,0.00,0.00
2015,12809972000100,"220,812.00",-132.00,"220,680.00",159.67,"1,382.11",824.00,-600.00,-778.00,-554.00,927.00,"1,088.00",1.13,782.80,-0.19,0.00,-0.19,,,,,,0.00,0.00
2016,12809972000100,"229,639.00",-123.00,"229,516.00",171.52,"1,338.13","-1,542.00","-3,000.00","11,404.00","6,862.00",447.00,620.00,NA,0.00,-0.03,0.00,-0.03,,,,,,0.00,0.00
2011,12811222000173,"42,809.00",-47.00,"42,762.00",40.00,"1,069.05","-1,662.00","-38,785.00","40,000.00",-447.00,0.00,57.00,NA,0.00,NA,NA,NA,,,,,,0.00,0.00
2012,12811222000173,"66,413.00",-163.00,"66,250.00",59.41,"1,115.19",-215.00,"-19,808.00","20,000.00",-23.00,0.00,124.00,NA,0.00,0.04,0.00,0.04,,,,,,0.00,0.00
2013,12811222000173,"156,135.00","-5,343.00","150,792.00",98.25,"1,534.78",189.00,"-11,148.00","10,940.00",-19.00,0.00,178.00,0.00,179.55,0.38,0.00,0.38,,,,,,0.00,0.00
2014,12811222000173,"185,228.00","-3,863.00","181,365.00",112.50,"1,612.09",341.00,"-22,049.00","21,700.00",-8.00,0.00,226.00,0.00,323.95,0.05,0.00,0.05,,,,,,0.00,0.00
2015,12811222000173,"188,516.00","-24,964.00","163,552.00",124.56,"1,313.07","1,791.00","-17,701.00","15,913.00",3.00,191.00,233.00,0.11,"1,701.45",-0.19,0.00,-0.18,,,,,,0.00,0.00
2016,12811222000173,"176,314.00","-28,419.00","147,895.00",125.52,"1,178.26",747.00,"-1,846.00","1,096.00",-3.00,104.00,164.00,0.14,709.65,-0.10,0.00,-0.10,,,,,,0.00,0.00
2014,12834763000117,"32,616.00",-137.00,"32,479.00",66.09,491.47,"44,346.00",0.00,"-44,343.00",3.00,"8,452.00",211.00,0.19,"42,128.70",-0.51,0.13,-0.38,,,,,,0.00,0.00
2015,12834763000117,"30,273.00",-151.00,"30,122.00",66.09,455.81,"6,831.00",0.00,"-6,834.00",-3.00,"2,234.00",137.00,0.33,"6,489.45",-0.07,0.07,0.00,,,,,,0.00,0.00
2016,12834763000117,"31,299.00","-3,405.00","27,894.00",66.09,422.09,"2,279.00",0.00,"-2,278.00",1.00,"2,278.00",137.00,1.00,"2,165.05",-0.07,0.08,0.00,,,,,,0.00,0.00
2011,12887506000143,"63,155.00","-11,080.00","52,075.00",53.60,971.60,"-1,442.00","-30,930.00","53,597.00","21,225.00",0.00,18.00,NA,0.00,NA,NA,NA,,,,,,0.00,0.00
2012,12887506000143,"62,570.00",-512.00,"62,058.00",53.60,"1,157.86","3,069.00","-11,800.00","-3,573.00","-12,304.00","3,557.00",715.00,1.16,"2,915.55",0.19,0.07,0.26,,,,,,0.00,0.00
2013,12887506000143,"52,683.00",-294.00,"52,389.00",53.60,977.46,"1,895.00","-6,995.00","-2,784.00","-7,884.00","2,784.00",221.00,1.47,"1,800.25",-0.16,0.04,-0.11,,,,,,0.00,0.00
2014,12887506000143,"49,948.00",-317.00,"49,631.00",53.60,926.00,"2,653.00",0.00,"-2,622.00",31.00,"2,621.00",187.00,0.99,"2,520.35",-0.05,0.05,0.00,,,,,,0.00,0.00
2015,12887506000143,"46,885.00",-338.00,"46,547.00",53.60,868.46,"3,042.00",0.00,"-3,017.00",25.00,"3,016.00",174.00,0.99,"2,889.90",-0.06,0.06,0.00,,,,,,0.00,0.00
2016,12887506000143,"53,638.00",-223.00,"53,415.00",53.60,996.60,"2,898.00",0.00,"-3,030.00",-132.00,"3,030.00",168.00,1.05,"2,753.10",0.15,0.07,0.21,,,,,,0.00,0.00
2011,12927767000140,"3,033,582.00","-2,935,078.00","98,504.00","100,000.00",0.99,"-1,333.00","1,332.00",0.00,-1.00,0.00,"1,214.00",NA,0.00,NA,NA,NA,,,,,,0.00,0.00
2012,12927767000140,"6,317,473.00","-6,221,973.00","95,500.00","100,100.00",0.95,"-3,247.00","22,656.00",100.00,"19,509.00",0.00,"1,868.00",NA,0.00,-0.03,0.00,-0.03,,,,,,0.00,0.00
2013,12927767000140,"5,711,619.00","-5,621,690.00","89,929.00","100,100.00",0.90,"-5,934.00","-13,574.00",0.00,"-19,508.00",0.00,"1,992.00",NA,0.00,-0.06,0.00,-0.06,,,,,,0.00,0.00
2014,12927767000140,"6,184,149.00","-6,107,842.00","76,307.00","100,100.00",0.76,"-13,654.00","13,653.00",0.00,-1.00,0.00,"2,127.00",NA,0.00,-0.15,0.00,-0.15,,,,,,0.00,0.00
2015,12927767000140,"5,423,657.00","-5,349,802.00","73,855.00","100,100.00",0.74,"-2,530.00","2,561.00",0.00,31.00,0.00,"2,298.00",NA,0.00,-0.03,0.00,-0.03,,,,,,0.00,0.00
2016,12927767000140,"5,165,546.00","-5,086,951.00","78,595.00","100,100.00",0.79,"-2,777.00",290.00,0.00,"-2,487.00",0.00,"2,517.00",NA,0.00,0.06,0.00,0.06,,,,,,0.00,0.00
2012,12948291000123,"104,169.00",-29.00,"104,140.00",91.10,"1,143.14",-171.00,"-71,649.00","73,666.00","1,846.00",381.00,222.00,NA,0.00,0.13,0.02,0.15,,,0.00,,0.00,0.00,0.00
2013,12948291000123,"98,981.00",-132.00,"98,849.00",91.10,"1,085.06","5,779.00","8,955.00","-15,860.00","-1,126.00","15,860.00",252.00,2.74,"5,490.05",-0.05,0.15,0.10,,"6,015.39","2,734.46",1.00,1.00,0.45,1.00
2014,12948291000123,"96,013.00",-30.00,"95,983.00",91.10,"1,053.60","7,704.00",0.00,"-7,774.00",-70.00,"7,774.00",247.00,1.01,"7,318.80",-0.03,0.08,0.05,,"6,015.39","2,734.46",1.00,1.00,0.45,1.00
2015,12948291000123,"85,562.00",-28.00,"85,534.00",91.10,938.90,"7,673.00",0.00,"-7,586.00",87.00,"7,586.00",242.00,0.99,"7,289.35",-0.11,0.08,-0.03,,"6,015.39","2,734.46",1.00,1.00,0.45,1.00
2016,12948291000123,"95,859.00",-60.00,"95,799.00",91.10,"1,051.58","4,681.00",0.00,"-4,683.00",-2.00,"4,683.00",263.00,1.00,"4,446.95",0.12,0.05,0.17,,"6,130.95","2,734.46",1.00,1.00,0.45,1.00
2012,13022993000144,"232,198.00","-3,339.00","228,859.00","2,150.00",106.45,"17,216.00","-4,138.00","-15,320.00","-2,242.00","15,326.00",378.00,0.89,"16,355.20",0.06,0.07,0.14,,"11,041.62","6,589.35",1.00,1.00,0.60,1.00
2013,13022993000144,"235,348.00","-3,562.00","231,786.00","2,150.00",107.81,"19,377.00","-2,757.00","-19,352.00","-2,732.00","19,350.00",484.00,1.00,"18,408.15",0.01,0.08,0.10,,"11,041.62","6,589.35",1.00,1.00,0.60,1.00
2014,13022993000144,"195,365.00","-2,322.00","193,043.00","2,150.00",89.79,"18,700.00",388.00,"-19,088.00",0.00,"19,086.00",481.00,1.02,"17,765.00",-0.17,0.08,-0.08,,"11,041.62","6,589.35",1.00,1.00,0.60,1.00
2015,13022993000144,"180,853.00","-2,277.00","178,576.00","2,150.00",83.06,"13,784.00",-139.00,"-13,645.00",0.00,"13,645.00",402.00,0.99,"13,094.80",-0.07,0.07,0.00,,"11,041.62","6,589.35",1.00,1.00,0.60,1.00
2016,13022993000144,"209,579.00","-2,657.00","206,922.00","2,150.00",96.24,"14,890.00",-553.00,"-14,337.00",0.00,"14,337.00",378.00,0.96,"14,145.50",0.16,0.08,0.24,,"11,041.62","6,589.35",1.00,1.00,0.60,1.00
2012,13022994000199,"788,081.00","-7,400.00","780,681.00",769.71,"1,014.26","37,993.00",-548.00,"-34,257.00","3,188.00","34,671.00",474.00,0.91,"36,093.35",9.18,0.45,9.63,,,,,,,
2013,13022994000199,"651,601.00","-11,436.00","640,165.00",769.71,831.70,"40,491.00","-7,810.00","-35,889.00","-3,208.00","40,119.00",529.00,0.99,"38,466.45",-0.18,0.05,-0.13,,,,,,,
2014,13022994000199,"718,979.00","-12,570.00","706,409.00",769.71,917.76,"43,714.00","-3,327.00","-40,388.00",-1.00,"37,795.00",564.00,0.86,"41,528.30",0.10,0.06,0.16,,,,,,,
2015,13022994000199,"724,883.00","-26,163.00","698,720.00",769.71,907.77,"52,059.00","-18,375.00","-33,684.00",0.00,"44,741.00",589.00,0.86,"49,456.05",-0.01,0.06,0.05,,,,,,,
2016,13022994000199,"735,639.00","-24,107.00","711,532.00",769.71,924.42,"35,006.00",86.00,"-35,075.00",17.00,"31,172.00",514.00,0.89,"33,255.70",0.02,0.04,0.06,,,,,,,
2014,13125823000195,"80,208.00","-80,126.00",82.00,0.10,820.00,-1.00,"-3,342.00","3,343.00",0.00,0.00,1.00,NA,0.00,NA,NA,NA,,,,,,,
2015,13125823000195,"48,720.00","-48,720.00",0.00,0.10,0.00,"28,068.00","-28,055.00",0.00,13.00,0.00,85.00,0.00,"26,664.60",-1.00,0.00,-1.00,,,,,,,
2013,13320290000100,"42,196.00","-10,493.00","31,703.00",33.31,951.84,-928.00,"-9,971.00","10,905.00",6.00,0.00,108.00,NA,0.00,NA,NA,NA,,,,,,,
2014,13320290000100,"44,963.00",-610.00,"44,353.00",44.87,988.52,-396.00,"-10,608.00","11,000.00",-4.00,0.00,114.00,NA,0.00,0.04,0.00,0.04,,,,,,,
2015,13320290000100,"45,328.00",-36.00,"45,292.00",47.95,944.65,232.00,"-1,400.00","1,230.00",62.00,0.00,116.00,0.00,220.40,-0.04,0.00,-0.04,,,,,,,
2016,13320290000100,"73,450.00",-46.00,"73,404.00",47.95,"1,531.00",-484.00,420.00,0.00,-64.00,0.00,110.00,NA,0.00,0.62,0.00,0.62,,,,,,,
2011,13371132000171,"62,421.00",-656.00,"61,765.00",600.00,102.94,978.00,"-57,714.00","56,746.00",10.00,"2,277.00",347.00,2.33,929.10,NA,NA,NA,,,,,,,
2012,13371132000171,"490,542.00","-3,566.00","486,976.00","4,194.06",116.11,"4,354.00","-394,242.00","389,888.00",0.00,"14,944.00","2,901.00",3.43,"4,136.30",0.13,0.24,0.37,,,,,,,
2013,13371132000171,"450,549.00","-4,101.00","446,448.00","4,194.06",106.45,"10,083.00","20,728.00","-30,811.00",0.00,"30,811.00","4,970.00",3.06,"9,578.85",-0.08,0.06,-0.02,,,,,,,
2014,13371132000171,"692,930.00","-7,323.00","685,607.00","6,452.94",106.25,"42,687.00",0.00,"-42,687.00",0.00,"42,687.00","5,094.00",1.00,"40,552.65",0.00,0.10,0.09,,,,,,,
2015,13371132000171,"678,146.00","-7,526.00","670,620.00","6,452.94",103.92,"74,172.00",0.00,"-74,172.00",0.00,"74,172.00","6,789.00",1.00,"70,463.40",-0.02,0.11,0.09,,,,,,,
2016,13371132000171,"699,057.00","-7,202.00","691,855.00","6,452.94",107.22,"73,890.00",0.00,"-73,887.00",3.00,"73,887.00","6,830.00",1.00,"70,195.50",0.03,0.11,0.14,,,,,,,
2011,13500306000159,"101,658.00",-66.00,"101,592.00",101.66,999.29,"4,649.00","-101,563.00","97,311.00",397.00,"4,353.00",128.00,0.94,"4,416.55",,NA,NA,,,,,,,
2012,13500306000159,"154,823.00",-92.00,"154,731.00",101.66,"1,521.98","11,428.00",0.00,"-10,942.00",486.00,"10,942.00",313.00,0.96,"10,856.60",0.52,0.11,0.63,,Painel - reuniao 16/11'!C1=MIN(,,,,,
2013,13500306000159,"165,191.00",-78.00,"165,113.00",101.66,"1,624.10","11,846.00",0.00,"-11,517.00",329.00,"11,517.00",487.00,0.97,"11,253.70",0.07,0.07,0.14,,,,,,,
2014,13500306000159,"167,922.00",-93.00,"167,829.00",101.66,"1,650.82","12,634.00",0.00,"-12,244.00",390.00,"12,244.00",501.00,0.97,"12,002.30",0.02,0.07,0.09,,,,,,,
2015,13500306000159,"130,290.00",-168.00,"130,122.00",101.66,"1,279.92","15,292.00",0.00,"-14,535.00",757.00,"14,535.00",495.00,0.95,"14,527.40",-0.22,0.09,-0.14,,,,,,,
2016,13500306000159,"130,741.00",-164.00,"130,577.00",101.66,"1,284.40","9,452.00",0.00,"-9,311.00",141.00,"9,311.00",383.00,0.99,"8,979.40",0.00,0.07,0.08,,,,,,,