"Data","Cota","Patrimônio","CaptLíq","Captação","ResgTotal","Resgate","ResgIR","QCotistas","Fonte"
"07/06/2013",1,14400000,14400000,14400000,0,0,0,39,"ANBIMA"
"10/06/2013","0,99968601","14395478,6",0,0,0,0,0,39,"ANBIMA"
"11/06/2013","0,99942734","14391753,76",0,0,0,0,0,39,"ANBIMA"
"12/06/2013","0,99916746","14388011,46",0,0,0,0,0,39,"ANBIMA"
"13/06/2013","0,99892478","14384516,83",0,0,0,0,0,39,"ANBIMA"
"14/06/2013","0,99866716","14380807,16",0,0,0,0,0,39,"ANBIMA"
"17/06/2013","0,9984129","14377145,82",0,0,0,0,0,39,"ANBIMA"
"18/06/2013","0,99815651","14373453,71",0,0,0,0,0,39,"ANBIMA"
"19/06/2013","0,99790509","14369833,3",0,0,0,0,0,39,"ANBIMA"
"20/06/2013","0,99752435","14364350,58",0,0,0,0,0,39,"ANBIMA"
"21/06/2013","0,99727007","14360689,03",0,0,0,0,0,39,"ANBIMA"
"24/06/2013","0,99701424",14357005,0,0,0,0,0,39,"ANBIMA"
"25/06/2013","0,99561404","14336842,17",0,0,0,0,0,39,"ANBIMA"
"26/06/2013","0,99536001","14333184,12",0,0,0,0,0,39,"ANBIMA"
"27/06/2013","0,99511494","14329655,08",0,0,0,0,0,39,"ANBIMA"
"28/06/2013","0,99413043","14315478,17",0,0,0,0,0,39,"ANBIMA"
"01/07/2013","0,99094254","14269572,62",0,0,0,0,0,39,"ANBIMA"
"02/07/2013","0,99055629","14264010,63",0,0,0,0,0,39,"ANBIMA"
"03/07/2013","0,99011453","14257649,17",0,0,0,0,0,39,"ANBIMA"
"04/07/2013","0,98985641","14253932,3",0,0,0,0,0,39,"ANBIMA"
"05/07/2013","0,98959654","14250190,13",0,0,0,0,0,39,"ANBIMA"
"08/07/2013","0,98933731","14246457,22",0,0,0,0,0,39,"ANBIMA"
"09/07/2013","0,98907671","14242704,69",0,0,0,0,0,39,"ANBIMA"
"10/07/2013","0,98881534","14238940,94",0,0,0,0,0,39,"ANBIMA"
"11/07/2013","0,98855262","14235157,77",0,0,0,0,0,39,"ANBIMA"
"12/07/2013","0,98831784","14231776,91",0,0,0,0,0,39,"ANBIMA"
"15/07/2013","0,98807655","14228302,39",0,0,0,0,0,39,"ANBIMA"
"16/07/2013","0,98773813","14223429,08",0,0,0,0,0,39,"ANBIMA"
"23/07/2013","0,98651836","14205864,32",0,0,0,0,0,39,"ANBIMA"
"24/07/2013","0,986279","14202417,58",0,0,0,0,0,39,"ANBIMA"
"25/07/2013","0,98603663","14198927,45",0,0,0,0,0,39,"ANBIMA"
"26/07/2013","0,9857932","14195422,09",0,0,0,0,0,39,"ANBIMA"
"29/07/2013","0,98554962","14191914,57",0,0,0,0,0,39,"ANBIMA"
"30/07/2013","0,98530132","14188339,04",0,0,0,0,0,39,"ANBIMA"
"31/07/2013","0,98505738","14184826,27",0,0,0,0,0,39,"ANBIMA"
"01/08/2013","0,9848134","14181313,02",0,0,0,0,0,39,"ANBIMA"
"02/08/2013","0,9844857","14176594,02",0,0,0,0,0,39,"ANBIMA"
"05/08/2013","0,98421264","14172661,97",0,0,0,0,0,39,"ANBIMA"
"06/08/2013","0,98393442","14168655,67",0,0,0,0,0,39,"ANBIMA"
"07/08/2013","0,98367838","14164968,64",0,0,0,0,0,39,"ANBIMA"
"08/08/2013","0,98341016","14161106,36",0,0,0,0,0,39,"ANBIMA"
"09/08/2013","0,98313906","14157202,41",0,0,0,0,0,39,"ANBIMA"
"12/08/2013","0,98285981","14153181,2",0,0,0,0,0,39,"ANBIMA"
"13/08/2013","0,98259781","14149408,46",0,0,0,0,0,39,"ANBIMA"
"14/08/2013","0,98233297","14145594,72",0,0,0,0,0,39,"ANBIMA"
"15/08/2013","0,98207603","14141894,81",0,0,0,0,0,39,"ANBIMA"
"16/08/2013","0,9818018","14137945,96",0,0,0,0,0,39,"ANBIMA"
"19/08/2013","0,98153816","14134149,45",0,0,0,0,0,39,"ANBIMA"
"20/08/2013","0,98128292","14130474,05",0,0,0,0,0,39,"ANBIMA"
"21/08/2013","0,98093499","14125463,85",0,0,0,0,0,39,"ANBIMA"
"22/08/2013","0,98067372","14121701,61",0,0,0,0,0,39,"ANBIMA"
"23/08/2013","0,98041367","14117956,9",0,0,0,0,0,39,"ANBIMA"
"26/08/2013","0,98015473","14114228,04",0,0,0,0,0,39,"ANBIMA"
"27/08/2013","0,97989873","14110541,73",0,0,0,0,0,39,"ANBIMA"
"28/08/2013","0,97964787","14106929,34",0,0,0,0,0,39,"ANBIMA"
"29/08/2013","0,97912424","14099389,08",0,0,0,0,0,39,"ANBIMA"
"30/08/2013","0,97860233","14091873,5",0,0,0,0,0,39,"ANBIMA"
"02/09/2013","0,97807923","14084340,97",0,0,0,0,0,39,"ANBIMA"
"03/09/2013","0,97755615","14076808,62",0,0,0,0,0,39,"ANBIMA"
"04/09/2013","0,97703288","14069273,48",0,0,0,0,0,39,"ANBIMA"
"05/09/2013","0,97650662","14061695,31",0,0,0,0,0,39,"ANBIMA"
"06/09/2013","0,9759804","14054117,71",0,0,0,0,0,39,"ANBIMA"
"09/09/2013","0,97545394","14046536,76",0,0,0,0,0,39,"ANBIMA"
"10/09/2013","0,97492769","14038958,72",0,0,0,0,0,39,"ANBIMA"
"11/09/2013","0,97440149","14031381,41",0,0,0,0,0,39,"ANBIMA"
"12/09/2013","0,97387524","14023803,42",0,0,0,0,0,39,"ANBIMA"
"13/09/2013","0,97334916","14016227,91",0,0,0,0,0,39,"ANBIMA"
"16/09/2013","0,9728276","14008717,39",0,0,0,0,0,39,"ANBIMA"
"17/09/2013","0,97230151","14001141,68",0,0,0,0,0,39,"ANBIMA"
"18/09/2013","0,97177555","13993567,87",0,0,0,0,0,39,"ANBIMA"
"19/09/2013","0,97124469","13985923,6",0,0,0,0,0,39,"ANBIMA"
"20/09/2013","0,98565817","28978350,26",15000000,15000000,0,0,0,41,"ANBIMA"
"23/09/2013","0,98547701",28973024,0,0,0,0,0,41,"ANBIMA"
"24/09/2013","0,9853404","28969007,75",0,0,0,0,0,41,"ANBIMA"
"25/09/2013","0,98511558","28962398,16",0,0,0,0,0,41,"ANBIMA"
"26/09/2013","0,98501316","28959386,96",0,0,0,0,0,41,"ANBIMA"
"27/09/2013","0,98490794","28956293,47",0,0,0,0,0,41,"ANBIMA"
"30/09/2013","0,98480497","28953266,25",0,0,0,0,0,41,"ANBIMA"
"01/10/2013","0,98470398","28950297,11",0,0,0,0,0,41,"ANBIMA"
"02/10/2013","0,98460006","28947241,74",0,0,0,0,0,41,"ANBIMA"
"03/10/2013","0,98449822","28944247,56",0,0,0,0,0,41,"ANBIMA"
"04/10/2013","0,98439663","28941261,03",0,0,0,0,0,41,"ANBIMA"
"07/10/2013","0,9842932","28938220,09",0,0,0,0,0,41,"ANBIMA"
"08/10/2013","0,98418693","28935095,64",0,0,0,0,0,41,"ANBIMA"
"09/10/2013","0,98408666","28932147,93",0,0,0,0,0,41,"ANBIMA"
"10/10/2013","0,98398258","28929087,85",0,0,0,0,0,41,"ANBIMA"
"11/10/2013","0,98416367","29524910,19",600000,600000,0,0,0,42,"ANBIMA"
"14/10/2013","0,98406751","29522025,36",0,0,0,0,0,42,"ANBIMA"
"15/10/2013","0,98397405","29519221,46",0,0,0,0,0,42,"ANBIMA"
"16/10/2013","0,98372274","29511682,09",0,0,0,0,0,42,"ANBIMA"
"17/10/2013","0,98347159","29504147,79",0,0,0,0,0,42,"ANBIMA"
"18/10/2013","0,98322043","29496612,9",0,0,0,0,0,42,"ANBIMA"
"21/10/2013","0,98296851","29489055,44",0,0,0,0,0,42,"ANBIMA"
"22/10/2013","0,9827174","29481522,03",0,0,0,0,0,42,"ANBIMA"
"23/10/2013","0,98245842","29473752,59",0,0,0,0,0,42,"ANBIMA"
"24/10/2013","0,98220744","29466223,1",0,0,0,0,0,42,"ANBIMA"
"25/10/2013","0,98195645","29458693,63",0,0,0,0,0,42,"ANBIMA"
"28/10/2013","0,9817056","29451167,86",0,0,0,0,0,42,"ANBIMA"
"29/10/2013","0,98145475","29443642,5",0,0,0,0,0,42,"ANBIMA"
"30/10/2013","0,98120378","29436113,29",0,0,0,0,0,42,"ANBIMA"
"31/10/2013","0,98095289","29428586,56",0,0,0,0,0,50,"ANBIMA"
"01/11/2013","0,98070117","29421035,24",0,0,0,0,0,50,"ANBIMA"
"04/11/2013","0,98044952","29413485,66",0,0,0,0,0,50,"ANBIMA"
"05/11/2013","0,98019772","29405931,7",0,0,0,0,0,50,"ANBIMA"
"06/11/2013","0,97989056","29396716,9",0,0,0,0,0,50,"ANBIMA"
"07/11/2013","0,97969246","29390773,86",0,0,0,0,0,50,"ANBIMA"
"08/11/2013","0,9794388","29383163,86",0,0,0,0,0,50,"ANBIMA"
"11/11/2013","0,97918514","29375554,1",0,0,0,0,0,50,"ANBIMA"
"12/11/2013","0,97893148","29367944,54",0,0,0,0,0,50,"ANBIMA"
"13/11/2013","0,97867775","29360332,63",0,0,0,0,0,50,"ANBIMA"
"14/11/2013","0,97842424","29352727,3",0,0,0,0,0,50,"ANBIMA"
"18/11/2013","0,97817076","29345122,74",0,0,0,0,0,50,"ANBIMA"
"19/11/2013","0,97791728","29337518,45",0,0,0,0,0,50,"ANBIMA"
"20/11/2013","0,97766388","29329916,48",0,0,0,0,0,50,"ANBIMA"
"21/11/2013","0,97741055","29322316,36",0,0,0,0,0,50,"ANBIMA"
"22/11/2013","0,97715721","29314716,26",0,0,0,0,0,50,"ANBIMA"
"25/11/2013","0,97690392","29307117,54",0,0,0,0,0,50,"ANBIMA"
"26/11/2013","0,97665053","29299515,85",0,0,0,0,0,50,"ANBIMA"
"27/11/2013","0,9763973","29291919,12",0,0,0,0,0,50,"ANBIMA"
"28/11/2013","0,97614401","29284320,21",0,0,0,0,0,50,"ANBIMA"
"29/11/2013","0,97589173","29276751,89",0,0,0,0,0,50,"ANBIMA"
"02/12/2013","0,97564002","29269200,62",0,0,0,0,0,50,"ANBIMA"
"03/12/2013","0,97538804","29261641,23",0,0,0,0,0,50,"ANBIMA"
"04/12/2013","0,97513898","29254169,35",0,0,0,0,0,50,"ANBIMA"
"05/12/2013","0,98325892","44246651,55",15000000,15000000,0,0,0,50,"ANBIMA"
"06/12/2013","0,9831497","44241736,35",0,0,0,0,0,50,"ANBIMA"
"09/12/2013","0,98312465","44240609,11",0,0,0,0,0,50,"ANBIMA"
"10/12/2013","0,98307277","44238274,83",0,0,0,0,0,50,"ANBIMA"
"11/12/2013","0,98302108","44235948,57",0,0,0,0,0,50,"ANBIMA"
"12/12/2013","0,9829685","44233582,51",0,0,0,0,0,50,"ANBIMA"
"13/12/2013","0,98291674","44231253,3",0,0,0,0,0,50,"ANBIMA"
"16/12/2013","0,98286497","44228923,62",0,0,0,0,0,50,"ANBIMA"
"17/12/2013","0,98281356","44226609,99",0,0,0,0,0,50,"ANBIMA"
"18/12/2013","0,98276202","44224291,03",0,0,0,0,0,50,"ANBIMA"
"19/12/2013","0,98270951","44221927,77",0,0,0,0,0,50,"ANBIMA"
"20/12/2013","0,98265872","44219642,28",0,0,0,0,0,50,"ANBIMA"
"23/12/2013","0,98249016","44212057,4",0,0,0,0,0,50,"ANBIMA"
"24/12/2013","0,98232163","44204473,18",0,0,0,0,0,50,"ANBIMA"
"26/12/2013","0,98215314","44196891,52",0,0,0,0,0,50,"ANBIMA"
"27/12/2013","0,9819846","44189307,07",0,0,0,0,0,50,"ANBIMA"
"30/12/2013","0,98181608","44181723,65",0,0,0,0,0,50,"ANBIMA"
"31/12/2013","0,98164761","44174142,33",0,0,0,0,0,50,"ANBIMA"
"02/01/2014","0,98148025","44166611,1",0,0,0,0,0,50,"ANBIMA"
"03/01/2014","0,98131292","44159081,2",0,0,0,0,0,50,"ANBIMA"
"06/01/2014","0,98114552","44151548,48",0,0,0,0,0,50,"ANBIMA"
"07/01/2014","0,98097488","44143869,76",0,0,0,0,0,50,"ANBIMA"
"08/01/2014","0,980806","44136269,96",0,0,0,0,0,50,"ANBIMA"
"09/01/2014","0,98063716","44128672,13",0,0,0,0,0,50,"ANBIMA"
"10/01/2014","0,98046705","44121017,08",0,0,0,0,0,50,"ANBIMA"
"13/01/2014","0,98029692","44113361,54",0,0,0,0,0,50,"ANBIMA"
"14/01/2014","0,9801267","44105701,33",0,0,0,0,0,50,"ANBIMA"
"15/01/2014","0,97995664","44098048,93",0,0,0,0,0,50,"ANBIMA"
"16/01/2014","0,97978648","44090391,74",0,0,0,0,0,50,"ANBIMA"
"17/01/2014","0,97961689","44082760,13",0,0,0,0,0,50,"ANBIMA"
"20/01/2014","0,97944731","44075129,06",0,0,0,0,0,50,"ANBIMA"
"21/01/2014","0,97927765","44067494,38",0,0,0,0,0,50,"ANBIMA"
"22/01/2014","0,97910802","44059861,11",0,0,0,0,0,50,"ANBIMA"
"23/01/2014","0,97893853","44052233,87",0,0,0,0,0,50,"ANBIMA"
"24/01/2014","0,97876565","44044454,1",0,0,0,0,0,50,"ANBIMA"
"27/01/2014","0,9785961","44036824,57",0,0,0,0,0,50,"ANBIMA"
"28/01/2014","0,97842652","44029193,59",0,0,0,0,0,50,"ANBIMA"
"29/01/2014","0,97825701","44021565,33",0,0,0,0,0,50,"ANBIMA"
"30/01/2014","0,97808768","44013945,48",0,0,0,0,0,50,"ANBIMA"
"31/01/2014","0,97791818","44006318,31",0,0,0,0,0,50,"ANBIMA"
"03/02/2014","0,9777483","43998673,41",0,0,0,0,0,50,"ANBIMA"
"04/02/2014","0,9775782","43991018,93",0,0,0,0,0,50,"ANBIMA"
"05/02/2014","0,97740828","43983372,64",0,0,0,0,0,50,"ANBIMA"
"06/02/2014","0,97723735","43975680,67",0,0,0,0,0,50,"ANBIMA"
"07/02/2014","0,97706752","43968038,27",0,0,0,0,0,50,"ANBIMA"
"10/02/2014","0,97689625","43960331,36",0,0,0,0,0,50,"ANBIMA"
"11/02/2014","0,97672503","43952626,55",0,0,0,0,0,50,"ANBIMA"
"12/02/2014","0,97655374","43944918,48",0,0,0,0,0,50,"ANBIMA"
"13/02/2014","0,97638252","43937213,45",0,0,0,0,0,50,"ANBIMA"
"14/02/2014","0,97621137","43929511,78",0,0,0,0,0,50,"ANBIMA"
"17/02/2014","0,97604022","43921810,03",0,0,0,0,0,50,"ANBIMA"
"18/02/2014","0,97586908","43914108,79",0,0,0,0,0,50,"ANBIMA"
"19/02/2014","0,97569795","43906407,67",0,0,0,0,0,50,"ANBIMA"
"20/02/2014","0,97552687","43898709,14",0,0,0,0,0,50,"ANBIMA"
"21/02/2014","0,97535454","43890954,21",0,0,0,0,0,50,"ANBIMA"
"24/02/2014","0,97518342","43883253,73",0,0,0,0,0,50,"ANBIMA"
"25/02/2014","0,97501137","43875511,69",0,0,0,0,0,50,"ANBIMA"
"26/02/2014","0,97484033",43867815,0,0,0,0,0,50,"ANBIMA"
"27/02/2014","0,97466923","43860115,4",0,0,0,0,0,50,"ANBIMA"
"28/02/2014","0,97449836","43852426,01",0,0,0,0,0,50,"ANBIMA"
"05/03/2014","0,9743274","43844733,12",0,0,0,0,0,50,"ANBIMA"
"06/03/2014","0,97415786","43837103,57",0,0,0,0,0,50,"ANBIMA"
"07/03/2014","0,9739869","43829410,51",0,0,0,0,0,50,"ANBIMA"
"10/03/2014","0,9738171","43821769,41",0,0,0,0,0,50,"ANBIMA"
"11/03/2014","0,97364623","43814080,38",0,0,0,0,0,50,"ANBIMA"
"12/03/2014","0,97347392","43806326,3",0,0,0,0,0,50,"ANBIMA"
"13/03/2014","0,97330163","43798573,15",0,0,0,0,0,50,"ANBIMA"
"14/03/2014","0,97312939","43790822,62",0,0,0,0,0,50,"ANBIMA"
"17/03/2014","0,97295714","43783071,45",0,0,0,0,0,50,"ANBIMA"
"18/03/2014","0,97278491","43775321,03",0,0,0,0,0,50,"ANBIMA"
"19/03/2014","0,97261272","43767572,41",0,0,0,0,0,50,"ANBIMA"
"20/03/2014","0,97243917","43759762,79",0,0,0,0,0,50,"ANBIMA"
"21/03/2014","0,97226699","43752014,57",0,0,0,0,0,50,"ANBIMA"
"24/03/2014","0,97209481","43744266,67",0,0,0,0,0,50,"ANBIMA"
"25/03/2014","0,97192267","43736519,95",0,0,0,0,0,50,"ANBIMA"
"26/03/2014","0,97175055","43728774,83",0,0,0,0,0,50,"ANBIMA"
"27/03/2014","0,97157844","43721030,02",0,0,0,0,0,50,"ANBIMA"
"28/03/2014","0,97140635","43713285,85",0,0,0,0,0,50,"ANBIMA"
"31/03/2014","0,97123427","43705542,11",0,0,0,0,0,50,"ANBIMA"
"01/04/2014","0,97106407","43697883,22",0,0,0,0,0,50,"ANBIMA"
"02/04/2014","0,97089391","43690226,06",0,0,0,0,0,50,"ANBIMA"
"03/04/2014","0,9707238","43682570,93",0,0,0,0,0,50,"ANBIMA"
"04/04/2014","0,97055361","43674912,26",0,0,0,0,0,50,"ANBIMA"
"07/04/2014","0,97038082","43667136,94",0,0,0,0,0,50,"ANBIMA"
"08/04/2014","0,97020797","43659358,63",0,0,0,0,0,50,"ANBIMA"
"09/04/2014","0,97003522","43651584,98",0,0,0,0,0,50,"ANBIMA"
"10/04/2014","0,96985966","43643684,66",0,0,0,0,0,50,"ANBIMA"
"11/04/2014","0,96968682","43635907,05",0,0,0,0,0,50,"ANBIMA"
"14/04/2014","0,96951401","43628130,3",0,0,0,0,0,50,"ANBIMA"
"15/04/2014","0,9693412","43620354,18",0,0,0,0,0,50,"ANBIMA"
"16/04/2014","0,96916844",43612580,0,0,0,0,0,50,"ANBIMA"
"17/04/2014","0,96899571","43604807,07",0,0,0,0,0,50,"ANBIMA"
"22/04/2014","0,96882299","43597034,7",0,0,0,0,0,50,"ANBIMA"
"23/04/2014","0,96865029","43589262,84",0,0,0,0,0,50,"ANBIMA"
"24/04/2014","0,96847759","43581491,54",0,0,0,0,0,50,"ANBIMA"
"25/04/2014","0,96830492","43573721,27",0,0,0,0,0,50,"ANBIMA"
"28/04/2014","0,96813225","43565951,47",0,0,0,0,0,50,"ANBIMA"
"29/04/2014","0,96795962","43558182,69",0,0,0,0,0,50,"ANBIMA"
"30/04/2014","0,967787","43550414,87",0,0,0,0,0,50,"ANBIMA"
"02/05/2014","0,96761461","43542657,42",0,0,0,0,0,50,"ANBIMA"
"05/05/2014","0,96744224","43534900,87",0,0,0,0,0,50,"ANBIMA"
"06/05/2014","0,96726985","43527143,43",0,0,0,0,0,50,"ANBIMA"
"07/05/2014","0,96709755","43519389,78",0,0,0,0,0,50,"ANBIMA"
"08/05/2014","0,9669252","43511634,06",0,0,0,0,0,50,"ANBIMA"
"09/05/2014","0,9667515","43503817,34",0,0,0,0,0,50,"ANBIMA"
"12/05/2014","0,96657831","43496024,09",0,0,0,0,0,50,"ANBIMA"
"13/05/2014","0,96640466","43488209,81",0,0,0,0,0,50,"ANBIMA"
"14/05/2014","0,96623102","43480396,12",0,0,0,0,0,50,"ANBIMA"
"15/05/2014","0,9660574","43472583,16",0,0,0,0,0,50,"ANBIMA"
"16/05/2014","0,9658838","43464770,86",0,0,0,0,0,50,"ANBIMA"
"19/05/2014","0,96571021","43456959,44",0,0,0,0,0,50,"ANBIMA"
"20/05/2014","0,96507405","43428332,37",0,0,0,0,0,50,"ANBIMA"
"21/05/2014","0,96490051","43420522,78",0,0,0,0,0,50,"ANBIMA"
"22/05/2014","0,96472686","43412708,75",0,0,0,0,0,50,"ANBIMA"
"23/05/2014","0,96455335","43404900,73",0,0,0,0,0,50,"ANBIMA"
"26/05/2014","0,96437963","43397083,34","82,090000153","455751,46","455669,37","455669,37",0,50,"ANBIMA"
"27/05/2014","0,96420597","43389268,86",0,0,0,0,0,50,"ANBIMA"
"28/05/2014","0,9640323","43381453,71",0,0,0,0,0,50,"ANBIMA"
"29/05/2014","0,96385866","43373639,56",0,0,0,0,0,50,"ANBIMA"
"30/05/2014","0,96368506","43365827,62",0,0,0,0,0,50,"ANBIMA"
"02/06/2014","0,96351116","43358002,18","82,159999847","455341,19","455259,03","455259,03",0,50,"ANBIMA"
"03/06/2014","0,96333716","43350172,34",0,0,0,0,0,50,"ANBIMA"
"04/06/2014","0,96316336","43342350,99",0,0,0,0,0,50,"ANBIMA"
"05/06/2014","0,96298823","43334470,3","323,09000015","1777036,4","1776713,31","1776713,31",0,50,"ANBIMA"
"06/06/2014","0,96281291","43326581,1",0,0,0,0,0,50,"ANBIMA"
"09/06/2014","0,96263767","43318694,95","283,88999939","1559756,91","1559473,02","1559473,02",0,50,"ANBIMA"
"10/06/2014","0,96246249","43310812,18","82,78000021","454846,3","454763,52","454763,52",0,50,"ANBIMA"
"11/06/2014","0,96228699","43302914,41","157,93999958","866216,24","866058,3","866058,3",0,50,"ANBIMA"
"12/06/2014","0,96211164","43295023,86",0,0,0,0,0,50,"ANBIMA"
"13/06/2014","0,96193844",43287230,0,0,0,0,0,50,"ANBIMA"
"16/06/2014","0,9617615","43279267,49",0,0,0,0,0,50,"ANBIMA"
"17/06/2014","0,96158635","43271385,9",0,0,0,0,0,50,"ANBIMA"
"18/06/2014","0,96141119","43263503,73","445,35000229","2444833,29","2444387,94","2444387,94",0,52,"ANBIMA"
"20/06/2014","0,96123617","43255627,61","165,38000011","908533,58","908368,2","908368,2",0,52,"ANBIMA"
"23/06/2014","0,96106114","43247751,47",0,0,0,0,0,52,"ANBIMA"
"24/06/2014","0,96088622","43239879,71","82,650000095","454101,39","454018,74","454018,74",0,52,"ANBIMA"
"25/06/2014","0,96071127",43232007,0,0,0,0,0,52,"ANBIMA"
"26/06/2014","0,96053635","43224135,96",0,0,0,0,0,52,"ANBIMA"
"27/06/2014","0,96036142","43216263,97",0,0,0,0,0,52,"ANBIMA"
"30/06/2014","0,96018651","43208392,92",0,0,0,0,0,52,"ANBIMA"
"01/07/2014","0,95999311","43199690,13",0,0,0,0,0,52,"ANBIMA"
"02/07/2014","0,95981965","43191884,47",0,0,0,0,0,52,"ANBIMA"
"03/07/2014","0,95964672","43184102,58",0,0,0,0,0,52,"ANBIMA"
"04/07/2014","0,95947384","43176322,87",0,0,0,0,0,52,"ANBIMA"
"07/07/2014","0,95929958","43168481,09","164,69999981","906702,78","906538,08","906538,08",0,52,"ANBIMA"
"08/07/2014","0,95912393","43160576,72",0,0,0,0,0,52,"ANBIMA"
"09/07/2014","0,95894829","43152672,83",0,0,0,0,0,52,"ANBIMA"
"10/07/2014","0,95877269","43144771,06",0,0,0,0,0,52,"ANBIMA"
"11/07/2014","0,95859707","43136868,04",0,0,0,0,0,52,"ANBIMA"
"14/07/2014","0,95842146","43128965,71",0,0,0,0,0,52,"ANBIMA"
"15/07/2014","0,95824585","43121063,42",0,0,0,0,0,52,"ANBIMA"
"16/07/2014","0,96226324","48113161,96",5000000,5000000,0,0,0,52,"ANBIMA"
"17/07/2014","0,96214338","48107169,12",0,0,0,0,0,52,"ANBIMA"
"18/07/2014","0,96202416","48101207,79",0,0,0,0,0,52,"ANBIMA"
"21/07/2014","0,9619037","48095184,81",0,0,0,0,0,52,"ANBIMA"
"22/07/2014","0,96174958","48087479,13",0,0,0,0,0,52,"ANBIMA"
"23/07/2014","0,9615955","48079775,22",0,0,0,0,0,52,"ANBIMA"
"24/07/2014","0,96144136","48072068,08",0,0,0,0,0,52,"ANBIMA"
"25/07/2014","0,96128727","48064363,74",0,0,0,0,0,52,"ANBIMA"
"28/07/2014","0,9611332","48056660,21",0,0,0,0,0,52,"ANBIMA"
"29/07/2014","0,96097918","48048959,02",0,0,0,0,0,52,"ANBIMA"
"30/07/2014","0,96082516","48041257,93",0,0,0,0,0,52,"ANBIMA"
"31/07/2014","0,96067118","48033558,76",0,0,0,0,0,52,"ANBIMA"
"01/08/2014","0,96051695","48025847,36",0,0,0,0,0,52,"ANBIMA"
"04/08/2014","0,96036269","48018134,33",0,0,0,0,0,52,"ANBIMA"
"05/08/2014","0,96020819","48010409,61",0,0,0,0,0,52,"ANBIMA"
"06/08/2014","0,96005399","48002699,51",0,0,0,0,0,52,"ANBIMA"
"07/08/2014","0,9598984","47994920,2",0,0,0,0,0,52,"ANBIMA"
"08/08/2014","0,95974282","47987140,91",0,0,0,0,0,52,"ANBIMA"
"11/08/2014","0,95958725","47979362,74",0,0,0,0,0,52,"ANBIMA"
"12/08/2014","0,9594317","47971585,22",0,0,0,0,0,52,"ANBIMA"
"13/08/2014","0,95927617","47963808,59",0,0,0,0,0,52,"ANBIMA"
"14/08/2014","0,95912067","47956033,28",0,0,0,0,0,52,"ANBIMA"
"15/08/2014","0,95896516","47948257,93","237,14999962","1462659,02","1462421,87","1462421,87",0,52,"ANBIMA"
"18/08/2014","0,95880969","47940484,27",0,0,0,0,0,52,"ANBIMA"
"19/08/2014","0,95865422","47932710,94",0,0,0,0,0,52,"ANBIMA"
"20/08/2014","0,96294531","53924937,39",6000000,6000000,0,0,0,52,"ANBIMA"
"21/08/2014","0,96284754","53919462,15",0,0,0,0,0,52,"ANBIMA"
"22/08/2014","0,96270579","53911523,99",0,0,0,0,0,52,"ANBIMA"
"25/08/2014","0,96256703","53903753,53",0,0,0,0,0,52,"ANBIMA"
"26/08/2014","0,96242828","53895983,92",0,0,0,0,0,52,"ANBIMA"
"27/08/2014","0,96228956","53888215,12",0,0,0,0,0,52,"ANBIMA"
"28/08/2014","0,96215086","53880448,28",0,0,0,0,0,52,"ANBIMA"
"29/08/2014","0,96201218","53872682,13",0,0,0,0,0,52,"ANBIMA"
"01/09/2014","0,96187364","53864923,84",0,0,0,0,0,52,"ANBIMA"
"02/09/2014","0,96173497","53857158,17",0,0,0,0,0,52,"ANBIMA"
"03/09/2014","0,96159644","53849400,71",0,0,0,0,0,52,"ANBIMA"
"04/09/2014","0,96145675","53841577,86",0,0,0,0,0,52,"ANBIMA"
"05/09/2014","0,96131715","53833760,3",0,0,0,0,0,52,"ANBIMA"
"08/09/2014","0,9611775","53825939,74",0,0,0,0,0,52,"ANBIMA"
"09/09/2014","0,96103787","53818120,83",0,0,0,0,0,52,"ANBIMA"
"10/09/2014","0,96089826","53810302,33",0,0,0,0,0,52,"ANBIMA"
"11/09/2014","0,96075866","53802484,69",0,0,0,0,0,52,"ANBIMA"
"12/09/2014","0,96061905","53794666,62",0,0,0,0,0,52,"ANBIMA"
"15/09/2014","0,96047945","53786849,21",0,0,0,0,0,52,"ANBIMA"
"16/09/2014","0,96033988","53779033,01",0,0,0,0,0,52,"ANBIMA"
"17/09/2014","0,96018691","53770467,1",0,0,0,0,0,52,"ANBIMA"
"18/09/2014","0,96003464","53761939,98",0,0,0,0,0,52,"ANBIMA"
"19/09/2014","0,9599085","53754876,21",0,0,0,0,0,52,"ANBIMA"
"22/09/2014","0,95976899","53747063,32",0,0,0,0,0,52,"ANBIMA"
"23/09/2014","0,95962948",53739251,0,0,0,0,0,52,"ANBIMA"
"24/09/2014","0,95948998","53731438,63",0,0,0,0,0,52,"ANBIMA"
"25/09/2014","0,95935048","53723626,84",0,0,0,0,0,52,"ANBIMA"
"26/09/2014","0,95921099","53715815,29",0,0,0,0,0,52,"ANBIMA"
"29/09/2014","0,95907151","53708004,69",0,0,0,0,0,52,"ANBIMA"
"30/09/2014","0,95893204","53700194,29",0,0,0,0,0,52,"ANBIMA"
"01/10/2014","0,95879382","53692454,15",0,0,0,0,0,52,"ANBIMA"
"02/10/2014","0,9586558","53684725,01",0,0,0,0,0,52,"ANBIMA"
"03/10/2014","0,9585176","53676985,62",0,0,0,0,0,52,"ANBIMA"
"06/10/2014","0,9583794","53669246,3",0,0,0,0,0,52,"ANBIMA"
"07/10/2014","0,95824004","53661442,23",0,0,0,0,0,52,"ANBIMA"
"08/10/2014","0,95809953","53653573,48",0,0,0,0,0,52,"ANBIMA"
"09/10/2014","0,95795902","53645705,32",0,0,0,0,0,52,"ANBIMA"
"10/10/2014","0,95781854","53637838,15",0,0,0,0,0,52,"ANBIMA"
"13/10/2014","0,95767803","53629969,76",0,0,0,0,0,52,"ANBIMA"
"14/10/2014","0,95753754","53622102,09",0,0,0,0,0,52,"ANBIMA"
"15/10/2014","0,95739705","53614234,86",0,0,0,0,0,52,"ANBIMA"
"16/10/2014","0,95725658","53606368,49",0,0,0,0,0,52,"ANBIMA"
"17/10/2014","0,95711612","53598502,81",0,0,0,0,0,52,"ANBIMA"
"20/10/2014","0,95697567","53590637,71",0,0,0,0,0,52,"ANBIMA"
"21/10/2014","0,95683524","53582773,16",0,0,0,0,0,52,"ANBIMA"
"22/10/2014","0,95669481","53574909,33",0,0,0,0,0,52,"ANBIMA"
"23/10/2014","0,95655439","53567046,06",0,0,0,0,0,52,"ANBIMA"
"24/10/2014","0,95641399","53559183,47",0,0,0,0,0,52,"ANBIMA"
"27/10/2014","0,9562736","53551321,64",0,0,0,0,0,52,"ANBIMA"
"28/10/2014","0,95613323","53543460,79",0,0,0,0,0,52,"ANBIMA"
"29/10/2014","0,95599287","53535600,44",0,0,0,0,0,52,"ANBIMA"
"30/10/2014","0,95585252","53527740,94",0,0,0,0,0,52,"ANBIMA"
"31/10/2014","0,95571221","53519883,87",0,0,0,0,0,52,"ANBIMA"
"03/11/2014","0,95557159","53512009,04",0,0,0,0,0,52,"ANBIMA"
"04/11/2014","0,95543097","53504134,06",0,0,0,0,0,52,"ANBIMA"
"05/11/2014","0,95529091","53496290,81",0,0,0,0,0,52,"ANBIMA"
"06/11/2014","0,95514906","53488347,39",0,0,0,0,0,52,"ANBIMA"
"07/11/2014","0,95500723","53480404,62",0,0,0,0,0,52,"ANBIMA"
"10/11/2014","0,95486538","53472461,29",0,0,0,0,0,52,"ANBIMA"
"11/11/2014","0,95472355","53464518,54",0,0,0,0,0,52,"ANBIMA"
"12/11/2014","0,95458172","53456576,48",0,0,0,0,0,52,"ANBIMA"
"13/11/2014","0,95443991",53448635,0,0,0,0,0,52,"ANBIMA"
"14/11/2014","0,95429811","53440694,12",0,0,0,0,0,52,"ANBIMA"
"17/11/2014","0,95415632","53432753,92",0,0,0,0,0,52,"ANBIMA"
"18/11/2014","0,95401454","53424814,37",0,0,0,0,0,52,"ANBIMA"
"19/11/2014","0,95387278","53416875,41",0,0,0,0,0,52,"ANBIMA"
"20/11/2014","0,95373102","53408937,13",0,0,0,0,0,52,"ANBIMA"
"21/11/2014","0,95358928","53400999,49",0,0,0,0,0,52,"ANBIMA"
"24/11/2014","0,95344683","53393022,71",0,0,0,0,0,52,"ANBIMA"
"25/11/2014","0,95330511","53385086,33",0,0,0,0,0,52,"ANBIMA"
"26/11/2014","0,9531634","53377150,6",0,0,0,0,0,52,"ANBIMA"
"27/11/2014","0,9530217","53369215,42",0,0,0,0,0,52,"ANBIMA"
"28/11/2014","0,95288002","53361280,89",0,0,0,0,0,52,"ANBIMA"
"01/12/2014","0,95273859","53353360,82",0,0,0,0,0,52,"ANBIMA"
"02/12/2014","0,95259717","53345441,36",0,0,0,0,0,52,"ANBIMA"
"03/12/2014","0,95328996","54337527,66",1000000,1000000,0,0,0,52,"ANBIMA"
"04/12/2014","0,9531567","54329932,06",0,0,0,0,0,52,"ANBIMA"
"05/12/2014","0,95302395","54322365,09",0,0,0,0,0,52,"ANBIMA"
"08/12/2014","0,95289118","54314797,42",0,0,0,0,0,52,"ANBIMA"
"09/12/2014","0,95275843","54307230,5",0,0,0,0,0,52,"ANBIMA"
"10/12/2014","0,95262567","54299663,32",0,0,0,0,0,52,"ANBIMA"
"11/12/2014","0,95249293","54292097,1",0,0,0,0,0,52,"ANBIMA"
"12/12/2014","0,95236022","54284532,5",0,0,0,0,0,52,"ANBIMA"
"15/12/2014","0,95222471","54276808,35",0,0,0,0,0,52,"ANBIMA"
"16/12/2014","0,952092","54269244,21",0,0,0,0,0,52,"ANBIMA"
"17/12/2014","0,95195932","54261681,41",0,0,0,0,0,52,"ANBIMA"
"18/12/2014","0,95182666","54254119,49",0,0,0,0,0,52,"ANBIMA"
"19/12/2014","0,951694","54246557,91",0,0,0,0,0,52,"ANBIMA"
"22/12/2014","0,95156137","54238998,06",0,0,0,0,0,52,"ANBIMA"
"23/12/2014","0,95142875","54231438,92",0,0,0,0,0,52,"ANBIMA"
"24/12/2014","0,95129615","54223880,67",0,0,0,0,0,52,"ANBIMA"
"26/12/2014","0,95116146","54216203,2",0,0,0,0,0,52,"ANBIMA"
"29/12/2014","0,95102653","54208512,01",0,0,0,0,0,52,"ANBIMA"
"30/12/2014","0,95089394","54200954,54",0,0,0,0,0,52,"ANBIMA"
"31/12/2014","0,95076108","54193381,84",0,0,0,0,0,52,"ANBIMA"
"02/01/2015","0,95062987","54185902,36",0,0,0,0,0,52,"ANBIMA"
"05/01/2015","0,95049723","54178342,22",0,0,0,0,0,52,"ANBIMA"
"06/01/2015","0,95036456","54170780,04",0,0,0,0,0,52,"ANBIMA"
"07/01/2015","0,95023194","54163220,63",0,0,0,0,0,52,"ANBIMA"
"08/01/2015","0,95009362","54155336,08",0,0,0,0,0,52,"ANBIMA"
"09/01/2015","0,94995853","54147635,99",0,0,0,0,0,52,"ANBIMA"
"12/01/2015","0,94982374","54139953,37",0,0,0,0,0,52,"ANBIMA"
"13/01/2015","0,94968988","54132323,1",0,0,0,0,0,52,"ANBIMA"
"14/01/2015","0,94955605","54124694,95",0,0,0,0,0,52,"ANBIMA"
"15/01/2015","0,94942222","54117066,37",0,0,0,0,0,52,"ANBIMA"
"16/01/2015","0,94928841","54109439,29",0,0,0,0,0,52,"ANBIMA"
"19/01/2015","0,94915198","54101662,62",0,0,0,0,0,52,"ANBIMA"
"20/01/2015","0,9490182","54094037,15",0,0,0,0,0,52,"ANBIMA"
"21/01/2015","0,94888443","54086412,25",0,0,0,0,0,52,"ANBIMA"
"22/01/2015","0,94875067","54078788,06",0,0,0,0,0,52,"ANBIMA"
"23/01/2015","0,94861714","54071176,95",0,0,0,0,0,52,"ANBIMA"
"26/01/2015","0,94848362","54063566,17",0,0,0,0,0,52,"ANBIMA"
"27/01/2015","0,94834872","54055876,93",0,0,0,0,0,52,"ANBIMA"
"28/01/2015","0,94821454","54048228,5",0,0,0,0,0,52,"ANBIMA"
"29/01/2015","0,94808106","54040620,43",0,0,0,0,0,52,"ANBIMA"
"30/01/2015","0,9479476","54033013,27",0,0,0,0,0,52,"ANBIMA"
"02/02/2015","0,94781373","54025382,88",0,0,0,0,0,52,"ANBIMA"
"03/02/2015","0,94767988","54017753,25",0,0,0,0,0,52,"ANBIMA"
"04/02/2015","0,94754504","54010067,29",0,0,0,0,0,52,"ANBIMA"
"05/02/2015","0,94740998","54002368,66",0,0,0,0,0,52,"ANBIMA"
"06/02/2015","0,94727424","53994631,61",0,0,0,0,0,52,"ANBIMA"
"09/02/2015","0,9471379","53986860,15",0,0,0,0,0,52,"ANBIMA"
"10/02/2015","0,94700188","53979107,29",0,0,0,0,0,52,"ANBIMA"
"11/02/2015","0,94686685","53971410,17",0,0,0,0,0,52,"ANBIMA"
"12/02/2015","0,94673182","53963713,81",0,0,0,0,0,52,"ANBIMA"
"13/02/2015","0,94659591","53955966,78",0,0,0,0,0,52,"ANBIMA"
"18/02/2015","0,94646111","53948283,05",0,0,0,0,0,52,"ANBIMA"
"19/02/2015","0,94632494","53940521,31",0,0,0,0,0,52,"ANBIMA"
"20/02/2015","0,94618891","53932767,69",0,0,0,0,0,52,"ANBIMA"
"23/02/2015","0,9460523","53924980,86",0,0,0,0,0,52,"ANBIMA"
"24/02/2015","0,94591629","53917228,75",0,0,0,0,0,52,"ANBIMA"
"25/02/2015","0,94577898","53909401,86",0,0,0,0,0,52,"ANBIMA"
"26/02/2015","0,94564395","53901705,12",0,0,0,0,0,52,"ANBIMA"
"27/02/2015","0,94509152","53870216,68",0,0,0,0,0,52,"ANBIMA"
"02/03/2015","0,94495489","53862428,91",0,0,0,0,0,52,"ANBIMA"
"03/03/2015","0,94482042","53854764,18",0,0,0,0,0,52,"ANBIMA"
"04/03/2015","0,9446849","53847039,09",0,0,0,0,0,52,"ANBIMA"
"05/03/2015","0,94729366","56807779,91",2968500,2968500,0,0,0,52,"ANBIMA"
"06/03/2015","0,947187","56801383,6",0,0,0,0,0,52,"ANBIMA"
"09/03/2015","0,9470806","56795002,93",0,0,0,0,0,52,"ANBIMA"
"10/03/2015","0,94695171","56787273,51",0,0,0,0,0,52,"ANBIMA"
"11/03/2015","0,94682203","56779496,68",0,0,0,0,0,52,"ANBIMA"
"12/03/2015","0,94672047","56803228,29",31500,31500,0,0,0,52,"ANBIMA"
"13/03/2015","0,9465919","56795513,72",0,0,0,0,0,52,"ANBIMA"
"16/03/2015","0,94646107","56787663,96",0,0,0,0,0,52,"ANBIMA"
"17/03/2015","0,94633225","56779935,02",0,0,0,0,0,52,"ANBIMA"
"18/03/2015","0,94620373","56772223,71",0,0,0,0,0,52,"ANBIMA"
"19/03/2015","0,94607522","56764513,36",0,0,0,0,0,52,"ANBIMA"
"20/03/2015","0,94594672","56756803,29",0,0,0,0,0,52,"ANBIMA"
"23/03/2015","0,94581824","56749094,28",0,0,0,0,0,52,"ANBIMA"
"24/03/2015","0,94568976","56741385,43",0,0,0,0,0,52,"ANBIMA"
"25/03/2015","0,94556129","56733677,17",0,0,0,0,0,52,"ANBIMA"
"26/03/2015","0,94543283","56725969,6",0,0,0,0,0,52,"ANBIMA"
"27/03/2015","0,94530438","56718263,02",0,0,0,0,0,52,"ANBIMA"
"30/03/2015","0,94518656","56711193,54",0,0,0,0,0,52,"ANBIMA"
"31/03/2015","0,94505814","56703488,53",0,0,0,0,0,52,"ANBIMA"
"01/04/2015","0,94493068",56695841,0,0,0,0,0,52,"ANBIMA"
"02/04/2015","0,94480324","56688194,33",0,0,0,0,0,52,"ANBIMA"
"06/04/2015","0,94467436","56680461,88",0,0,0,0,0,52,"ANBIMA"
"07/04/2015","0,94454459","56672675,14",0,0,0,0,0,52,"ANBIMA"
"08/04/2015","0,94441482","56664889,24",0,0,0,0,0,52,"ANBIMA"
"09/04/2015","0,94428504","56657102,52",0,0,0,0,0,52,"ANBIMA"
"10/04/2015","0,94415527","56649316,42",0,0,0,0,0,52,"ANBIMA"
"13/04/2015","0,94402552","56641531,32",0,0,0,0,0,52,"ANBIMA"
"14/04/2015","0,94389575","56633744,86",0,0,0,0,0,52,"ANBIMA"
"15/04/2015","0,94376598","56625959,06",0,0,0,0,0,52,"ANBIMA"
"16/04/2015","0,94363623","56618173,93",0,0,0,0,0,52,"ANBIMA"
"17/04/2015","0,94348822","56609293,49",0,0,0,0,0,52,"ANBIMA"
"20/04/2015","0,94335849","56601509,66",0,0,0,0,0,52,"ANBIMA"
"22/04/2015","0,94322877","56593726,47",0,0,0,0,0,52,"ANBIMA"
"23/04/2015","0,94309907","56585943,99",0,0,0,0,0,52,"ANBIMA"
"24/04/2015","0,94296937","56578162,19",0,0,0,0,0,52,"ANBIMA"
"27/04/2015","0,94283968","56570380,67",0,0,0,0,0,52,"ANBIMA"
"28/04/2015","0,94271","56562599,8",0,0,0,0,0,52,"ANBIMA"
"29/04/2015","0,94258033","56554819,66",0,0,0,0,0,52,"ANBIMA"
"30/04/2015","0,94245067","56547040,17",0,0,0,0,0,52,"ANBIMA"
"04/05/2015","0,94232107","56539264,2",0,0,0,0,0,52,"ANBIMA"
"05/05/2015","0,94219117","56531470,04",0,0,0,0,0,52,"ANBIMA"
"06/05/2015","0,9420622","56523732,1",0,0,0,0,0,52,"ANBIMA"
"07/05/2015","0,94193144","56515886,43",0,0,0,0,0,52,"ANBIMA"
"08/05/2015","0,94180069","56508041,38",0,0,0,0,0,52,"ANBIMA"
"11/05/2015","0,94165993","56499595,52",0,0,0,0,0,52,"ANBIMA"
"12/05/2015","0,94152778","56491666,92",0,0,0,0,0,52,"ANBIMA"
"13/05/2015","0,94139704","56483822,38",0,0,0,0,0,52,"ANBIMA"
"14/05/2015","0,94126631","56475978,46",0,0,0,0,0,52,"ANBIMA"
"15/05/2015","0,94113559","56468135,24",0,0,0,0,0,52,"ANBIMA"
"18/05/2015","0,94100487","56460292,26",0,0,0,0,0,52,"ANBIMA"
"19/05/2015","0,94087417","56452449,91",0,0,0,0,0,52,"ANBIMA"
"20/05/2015","0,94074347","56444608,33",0,0,0,0,0,52,"ANBIMA"
"21/05/2015","0,94061279","56436767,3",0,0,0,0,0,52,"ANBIMA"
"22/05/2015","0,94048202","56428921,32",0,0,0,0,0,52,"ANBIMA"
"25/05/2015","0,94035127","56421076,01",0,0,0,0,0,52,"ANBIMA"
"26/05/2015","0,94022052","56413231,27",0,0,0,0,0,52,"ANBIMA"
"27/05/2015","0,94008979","56405387,19",0,0,0,0,0,52,"ANBIMA"
"28/05/2015","0,93995906","56397543,72",0,0,0,0,0,52,"ANBIMA"
"29/05/2015","0,93982835","56389700,87",0,0,0,0,0,52,"ANBIMA"
"01/06/2015","0,93969779","56381867,69",0,0,0,0,0,52,"ANBIMA"
"02/06/2015","0,94417083","61321535,21",4947500,4947500,0,0,0,52,"ANBIMA"
"03/06/2015","0,94412925","61368401,02",52500,52500,0,0,0,52,"ANBIMA"
"05/06/2015","0,94404522","61362939,59",0,0,0,0,0,52,"ANBIMA"
"08/06/2015","0,94396218","61357541,84",0,0,0,0,0,52,"ANBIMA"
"09/06/2015","0,94476889","61409977,63",0,0,0,0,0,52,"ANBIMA"
"10/06/2015","0,94465249","61402412,11",0,0,0,0,0,52,"ANBIMA"
"11/06/2015","0,94453612","61394847,53",0,0,0,0,0,52,"ANBIMA"
"12/06/2015","0,94441976","61387284,33",0,0,0,0,0,52,"ANBIMA"
"15/06/2015","0,94430341","61379721,72",0,0,0,0,0,52,"ANBIMA"
"16/06/2015","0,94418707","61372159,76",0,0,0,0,0,52,"ANBIMA"
"17/06/2015","0,94407082","61364603,34",0,0,0,0,0,52,"ANBIMA"
"18/06/2015","0,94395451","61357042,91",0,0,0,0,0,52,"ANBIMA"
"19/06/2015","0,94383821","61349483,94",0,0,0,0,0,52,"ANBIMA"
"22/06/2015","0,94372174","61341913,41",0,0,0,0,0,52,"ANBIMA"
"23/06/2015","0,94360528","61334343,08",0,0,0,0,0,52,"ANBIMA"
"24/06/2015","0,94348883","61326774,09",0,0,0,0,0,52,"ANBIMA"
"25/06/2015","0,9433724","61319205,8",0,0,0,0,0,52,"ANBIMA"
"26/06/2015","0,94325597","61311638,2",0,0,0,0,0,52,"ANBIMA"
"29/06/2015","0,94313956","61304071,36",0,0,0,0,0,52,"ANBIMA"
"30/06/2015","0,94302316","61296505,28",0,0,0,0,0,52,"ANBIMA"
"01/07/2015","0,94290799","61289019,67",0,0,0,0,0,52,"ANBIMA"
"02/07/2015","0,94279288","61281537,52",0,0,0,0,0,52,"ANBIMA"
"03/07/2015","0,94267774","61274053,4",0,0,0,0,0,52,"ANBIMA"
"06/07/2015","0,94256046","61266429,97",0,0,0,0,0,52,"ANBIMA"
"07/07/2015","0,94244318",61258807,0,0,0,0,0,52,"ANBIMA"
"08/07/2015","0,94231998","61250798,98",0,0,0,0,0,52,"ANBIMA"
"09/07/2015","0,94220271","61243176,1",0,0,0,0,0,52,"ANBIMA"
"10/07/2015","0,94208544","61235553,9",0,0,0,0,0,52,"ANBIMA"
"13/07/2015","0,94196816","61227930,45",0,0,0,0,0,52,"ANBIMA"
"14/07/2015","0,94185089","61220308,08",0,0,0,0,0,52,"ANBIMA"
"15/07/2015","0,94173366","61212688,15",0,0,0,0,0,52,"ANBIMA"
"16/07/2015","0,94161642","61205067,24",0,0,0,0,0,52,"ANBIMA"
"17/07/2015","0,94149918","61197446,59",0,0,0,0,0,52,"ANBIMA"
"20/07/2015","0,94138196","61189827,23",0,0,0,0,0,52,"ANBIMA"
"21/07/2015","0,94126474","61182207,81",0,0,0,0,0,52,"ANBIMA"
"22/07/2015","0,94114563","61174465,83",0,0,0,0,0,52,"ANBIMA"
"23/07/2015","0,94102758","61166792,94",0,0,0,0,0,52,"ANBIMA"
"24/07/2015","0,94091039","61159175,3",0,0,0,0,0,52,"ANBIMA"
"27/07/2015","0,94080939","61152610,47",0,0,0,0,0,52,"ANBIMA"
"28/07/2015","0,94069222","61144994,61",0,0,0,0,0,52,"ANBIMA"
"29/07/2015","0,94057507","61137379,29",0,0,0,0,0,52,"ANBIMA"
"30/07/2015","0,94045792","61129764,97",0,0,0,0,0,52,"ANBIMA"
"31/07/2015","0,94034092","61122159,59",0,0,0,0,0,52,"ANBIMA"
"03/08/2015","0,94022374","61114542,89",0,0,0,0,0,52,"ANBIMA"
"04/08/2015","0,94010649","61106922,09",0,0,0,0,0,52,"ANBIMA"
"05/08/2015","0,93998932","61099305,58",0,0,0,0,0,52,"ANBIMA"
"06/08/2015","0,93987215","61091689,51",0,0,0,0,0,52,"ANBIMA"
"07/08/2015","0,93975499","61084074,49",0,0,0,0,0,52,"ANBIMA"
"10/08/2015","0,93963648","61076371,06",0,0,0,0,0,52,"ANBIMA"
"11/08/2015","0,93951797","61068667,92",0,0,0,0,0,52,"ANBIMA"
"12/08/2015","0,93939843","61060898,08",0,0,0,0,0,52,"ANBIMA"
"13/08/2015","0,93927977","61053184,9",0,0,0,0,0,52,"ANBIMA"
"14/08/2015","0,93916111","61045471,86",0,0,0,0,0,52,"ANBIMA"
"17/08/2015","0,93904246","61037759,98",0,0,0,0,0,52,"ANBIMA"
"18/08/2015","0,93892027","61029817,41",0,0,0,0,0,52,"ANBIMA"
"19/08/2015","0,9387987","61021915,6",0,0,0,0,0,52,"ANBIMA"
"20/08/2015","0,93867842","61014097,04",0,0,0,0,0,52,"ANBIMA"
"21/08/2015","0,93855981","61006387,77",0,0,0,0,0,52,"ANBIMA"
"24/08/2015","0,93844125","60998681,43",0,0,0,0,0,52,"ANBIMA"
"25/08/2015","0,93832105","60990868,13",0,0,0,0,0,52,"ANBIMA"
"26/08/2015","0,93820246","60983160,19",0,0,0,0,0,52,"ANBIMA"
"27/08/2015","0,93808391","60975453,93",0,0,0,0,0,52,"ANBIMA"
"28/08/2015","0,93796535","60967747,79",0,0,0,0,0,52,"ANBIMA"
"31/08/2015","0,93784681","60960042,58",0,0,0,0,0,52,"ANBIMA"
"01/09/2015","0,93772844","60952348,79",0,0,0,0,0,52,"ANBIMA"
"02/09/2015","0,93761009","60944656,06",0,0,0,0,0,52,"ANBIMA"
"03/09/2015","0,93749174","60936963,38",0,0,0,0,0,52,"ANBIMA"
"04/09/2015","0,93737282","60929233,32",0,0,0,0,0,52,"ANBIMA"
"08/09/2015","0,93725326","60921461,69",0,0,0,0,0,52,"ANBIMA"
"09/09/2015","0,93713368","60913689,41",0,0,0,0,0,52,"ANBIMA"
"10/09/2015","0,93701412","60905917,49",0,0,0,0,0,52,"ANBIMA"
"11/09/2015","0,93689456","60898146,3",0,0,0,0,0,52,"ANBIMA"
"14/09/2015","0,93677501","60890375,69",0,0,0,0,0,52,"ANBIMA"
"15/09/2015","0,93665365","60882487,31",0,0,0,0,0,52,"ANBIMA"
"16/09/2015","0,93653411","60874716,9",0,0,0,0,0,52,"ANBIMA"
"17/09/2015","0,93641459","60866948,39",0,0,0,0,0,52,"ANBIMA"
"18/09/2015","0,93628915",60858795,0,0,0,0,0,52,"ANBIMA"
"21/09/2015","0,93616944","60851013,75",0,0,0,0,0,52,"ANBIMA"
"22/09/2015","0,93604966","60843227,62",0,0,0,0,0,52,"ANBIMA"
"23/09/2015","0,93592957","60835422,08",0,0,0,0,0,52,"ANBIMA"
"24/09/2015","0,9358095","60827617,59",0,0,0,0,0,52,"ANBIMA"
"25/09/2015","0,93568943","60819812,68",0,0,0,0,0,52,"ANBIMA"
"28/09/2015","0,93556936","60812008,45",0,0,0,0,0,52,"ANBIMA"
"29/09/2015","0,9354493","60804204,4",0,0,0,0,0,52,"ANBIMA"
"30/09/2015","0,93532925","60796401,18",0,0,0,0,0,52,"ANBIMA"
"01/10/2015","0,93521014","60788659,36",0,0,0,0,0,52,"ANBIMA"
"02/10/2015","0,93509105","60780918,27",0,0,0,0,0,52,"ANBIMA"
"05/10/2015","0,93979474","65973590,56",5200000,5200000,0,0,0,52,"ANBIMA"
"06/10/2015","0,93971442","65967952,29",0,0,0,0,0,52,"ANBIMA"
"07/10/2015","0,9396405","65962762,76",0,0,0,0,0,52,"ANBIMA"
"08/10/2015","0,9395653","65957483,81",0,0,0,0,0,52,"ANBIMA"
"09/10/2015","0,93949005","65952201,44",0,0,0,0,0,52,"ANBIMA"
"13/10/2015","0,93938376","65944739,63",0,0,0,0,0,52,"ANBIMA"
"14/10/2015","0,93927925","65937403,06",0,0,0,0,0,52,"ANBIMA"
"15/10/2015","0,93917475","65930067,38",0,0,0,0,0,52,"ANBIMA"
"16/10/2015","0,93906744","65922534,4",0,0,0,0,0,52,"ANBIMA"
"19/10/2015","0,93896298","65915200,89",0,0,0,0,0,52,"ANBIMA"
"20/10/2015","0,9388585","65907866,72",0,0,0,0,0,52,"ANBIMA"
"21/10/2015","0,93875405","65900534,27",0,0,0,0,0,52,"ANBIMA"
"22/10/2015","0,9386498","65893216,1",0,0,0,0,0,52,"ANBIMA"
"23/10/2015","0,93854554","65885897,2",0,0,0,0,0,52,"ANBIMA"
"26/10/2015","0,9384413","65878579,41",0,0,0,0,0,52,"ANBIMA"
"27/10/2015","0,93833713","65871266,63",0,0,0,0,0,52,"ANBIMA"
"28/10/2015","0,937408","65806041,35",0,0,0,0,0,52,"ANBIMA"
"29/10/2015","0,93730386","65798730,86",0,0,0,0,0,52,"ANBIMA"
"30/10/2015","0,93719975","65791422,29",0,0,0,0,0,52,"ANBIMA"
"03/11/2015","0,93709586","65784129,65",0,0,0,0,0,52,"ANBIMA"
"04/11/2015","0,9369922","65776852,72",0,0,0,0,0,52,"ANBIMA"
"05/11/2015","0,93688837","65769563,29",0,0,0,0,0,52,"ANBIMA"
"06/11/2015","0,93678452","65762273,57",0,0,0,0,0,52,"ANBIMA"
"09/11/2015","0,93667774","65754777,07",0,0,0,0,0,52,"ANBIMA"
"10/11/2015","0,93657273","65747405,35",0,0,0,0,0,52,"ANBIMA"
"11/11/2015","0,93646772","65740034,07",0,0,0,0,0,52,"ANBIMA"
"12/11/2015","0,93636275","65732665,15",0,0,0,0,0,52,"ANBIMA"
"13/11/2015","0,9362578","65725297,56",0,0,0,0,0,52,"ANBIMA"
"16/11/2015","0,93615286","65717930,68",0,0,0,0,0,52,"ANBIMA"
"17/11/2015","0,93604793","65710564,42",0,0,0,0,0,52,"ANBIMA"
"18/11/2015","0,93594302","65703199,88",0,0,0,0,0,52,"ANBIMA"
"19/11/2015","0,93583811","65695835,4",0,0,0,0,0,52,"ANBIMA"
"20/11/2015","0,93573321","65688471,37",0,0,0,0,0,52,"ANBIMA"
"23/11/2015","0,93562833","65681108,87",0,0,0,0,0,52,"ANBIMA"
"24/11/2015","0,93552346","65673746,94",0,0,0,0,0,52,"ANBIMA"
"25/11/2015","0,9354186","65666385,93",0,0,0,0,0,52,"ANBIMA"
"26/11/2015","0,93531038","65658788,37",0,0,0,0,0,52,"ANBIMA"
"27/11/2015","0,93520556","65651430,6",0,0,0,0,0,52,"ANBIMA"
"30/11/2015","0,93510074","65644072,07",0,0,0,0,0,52,"ANBIMA"
"01/12/2015","0,93499618","65636731,93",0,0,0,0,0,52,"ANBIMA"
"02/12/2015","0,93489274","65629470,62",0,0,0,0,0,52,"ANBIMA"
"03/12/2015","0,9347882","65622131,7",0,0,0,0,0,52,"ANBIMA"
"04/12/2015","0,93468368","65614794,08",0,0,0,0,0,52,"ANBIMA"
"07/12/2015","0,9345792","65607459,72",0,0,0,0,0,52,"ANBIMA"
"08/12/2015","0,93447359","65600046,33",0,0,0,0,0,52,"ANBIMA"
"09/12/2015","0,934368","65592633,94",0,0,0,0,0,52,"ANBIMA"
"10/12/2015","0,93426243","65585222,58",0,0,0,0,0,52,"ANBIMA"
"11/12/2015","0,93415686","65577811,54",0,0,0,0,0,52,"ANBIMA"
"14/12/2015","0,93405132","65570402,98",0,0,0,0,0,52,"ANBIMA"
"15/12/2015","0,93394558","65562979,98",0,0,0,0,0,52,"ANBIMA"
"16/12/2015","0,93383986","65555558,41",0,0,0,0,0,52,"ANBIMA"
"17/12/2015","0,93373415","65548137,03",0,0,0,0,0,52,"ANBIMA"
"18/12/2015","0,93362712","65540624,02",0,0,0,0,0,52,"ANBIMA"
"21/12/2015","0,93352138","65533201,01",0,0,0,0,0,52,"ANBIMA"
"22/12/2015","0,93341565","65525778,57",0,0,0,0,0,52,"ANBIMA"
"23/12/2015","0,93330992","65518356,61",0,0,0,0,0,52,"ANBIMA"
"24/12/2015","0,93320421","65510935,65",0,0,0,0,0,52,"ANBIMA"
"28/12/2015","0,93309851","65503515,62",0,0,0,0,0,52,"ANBIMA"
"29/12/2015","0,93299282","65496095,86",0,0,0,0,0,52,"ANBIMA"
"30/12/2015","0,93288714","65488677,25",0,0,0,0,0,52,"ANBIMA"
"31/12/2015","0,93278148","65481259,76",0,0,0,0,0,52,"ANBIMA"
"04/01/2016","0,93267686","65473915,54",0,0,0,0,0,52,"ANBIMA"
"05/01/2016","0,93257223","65466570,74",0,0,0,0,0,52,"ANBIMA"
"06/01/2016","0,93246677","65459166,97",0,0,0,0,0,52,"ANBIMA"
"07/01/2016","0,93236111","65451750,11",0,0,0,0,0,52,"ANBIMA"
"08/01/2016","0,93225549","65444335,33",0,0,0,0,0,52,"ANBIMA"
"11/01/2016","0,93214864","65436834,51",0,0,0,0,0,52,"ANBIMA"
"12/01/2016","0,93204179","65429333,66",0,0,0,0,0,52,"ANBIMA"
"13/01/2016","0,93193494","65421833,06",0,0,0,0,0,52,"ANBIMA"
"14/01/2016","0,93182811","65414333,51",0,0,0,0,0,52,"ANBIMA"
"15/01/2016","0,93172129","65406834,49",0,0,0,0,0,52,"ANBIMA"
"18/01/2016","0,93161448","65399336,6",0,0,0,0,0,52,"ANBIMA"
"19/01/2016","0,93150768","65391839,22",0,0,0,0,0,52,"ANBIMA"
"20/01/2016","0,93140089","65384342,67",0,0,0,0,0,52,"ANBIMA"
"21/01/2016","0,93129334","65376792,21",0,0,0,0,0,52,"ANBIMA"
"22/01/2016","0,93118546","65369219,13",0,0,0,0,0,52,"ANBIMA"
"25/01/2016","0,93107875","65361728,56",0,0,0,0,0,52,"ANBIMA"
"26/01/2016","0,93097201","65354235,15",0,0,0,0,0,52,"ANBIMA"
"27/01/2016","0,93086527","65346742,02",0,0,0,0,0,52,"ANBIMA"
"28/01/2016","0,93075854","65339249,79",0,0,0,0,0,52,"ANBIMA"
"29/01/2016","0,93065183","65331758,3",0,0,0,0,0,52,"ANBIMA"
"01/02/2016","0,93054507","65324263,92",0,0,0,0,0,52,"ANBIMA"
"02/02/2016","0,93043831","65316769,47",0,0,0,0,0,52,"ANBIMA"
"03/02/2016","0,93032669","65308933,83",0,0,0,0,0,52,"ANBIMA"
"04/02/2016","0,93021887","65301364,66",0,0,0,0,0,52,"ANBIMA"
"05/02/2016","0,93011107","65293796,85",0,0,0,0,0,52,"ANBIMA"
"10/02/2016","0,93000331","65286232,64",0,0,0,0,0,52,"ANBIMA"
"11/02/2016","0,92989551","65278664,66",0,0,0,0,0,52,"ANBIMA"
"12/02/2016","0,92978769","65271095,82",0,0,0,0,0,52,"ANBIMA"
"15/02/2016","0,92967985","65263525,3",0,0,0,0,0,52,"ANBIMA"
"16/02/2016","0,92957196","65255951,41",0,0,0,0,0,52,"ANBIMA"
"17/02/2016","0,9294641","65248379,52",0,0,0,0,0,52,"ANBIMA"
"18/02/2016","0,92935629","65240811,57",0,0,0,0,0,52,"ANBIMA"
"19/02/2016","0,92924851","65233245,69",0,0,0,0,0,52,"ANBIMA"
"22/02/2016","0,92913865","65225533,44",0,0,0,0,0,52,"ANBIMA"
"23/02/2016","0,92903081","65217963,02",0,0,0,0,0,52,"ANBIMA"
"24/02/2016","0,92892305","65210398,31",0,0,0,0,0,52,"ANBIMA"
"25/02/2016","0,92881508","65202818,4",0,0,0,0,0,52,"ANBIMA"
"26/02/2016","0,92870742","65195261,14",0,0,0,0,0,52,"ANBIMA"
"29/02/2016","0,92859969","65187698,48",0,0,0,0,0,52,"ANBIMA"
"01/03/2016","0,92848953","65179964,73",0,0,0,0,0,52,"ANBIMA"
"02/03/2016","0,92837795","65172131,81",0,0,0,0,0,52,"ANBIMA"
"03/03/2016","0,92826611","65164280,65",0,0,0,0,0,52,"ANBIMA"
"04/03/2016","0,92814864","65156034,42",0,0,0,0,0,52,"ANBIMA"
"07/03/2016","0,92803606","65148131,47",0,0,0,0,0,52,"ANBIMA"
"08/03/2016","0,92792305","65140197,85",0,0,0,0,0,52,"ANBIMA"
"09/03/2016","0,92781048","65132295,42",0,0,0,0,0,52,"ANBIMA"
"10/03/2016","0,92769793","65124394,4",0,0,0,0,0,52,"ANBIMA"
"11/03/2016","0,92758085","65116175,81",0,0,0,0,0,52,"ANBIMA"
"14/03/2016","0,93404501","72108274,92",7000000,7000000,0,0,0,52,"ANBIMA"
"15/03/2016","0,93398756","72103839,46",0,0,0,0,0,52,"ANBIMA"
"16/03/2016","0,93393023","72099414,07",0,0,0,0,0,52,"ANBIMA"
"17/03/2016","0,93387297","72094993,62",0,0,0,0,0,52,"ANBIMA"
"18/03/2016","0,93381387","72090430,81",0,0,0,0,0,52,"ANBIMA"
"21/03/2016","0,93371452","72082760,87",0,0,0,0,0,52,"ANBIMA"
"22/03/2016","0,93361533","72075103,86",0,0,0,0,0,52,"ANBIMA"
"23/03/2016","0,93351587","72067425,3",0,0,0,0,0,52,"ANBIMA"
"24/03/2016","0,93341696","72059789,16",0,0,0,0,0,52,"ANBIMA"
"28/03/2016","0,93331783","72052136,42",0,0,0,0,0,52,"ANBIMA"
"29/03/2016","0,9332185","72044468,33",0,0,0,0,0,52,"ANBIMA"
"30/03/2016","0,93311919","72036801,11",0,0,0,0,0,52,"ANBIMA"
"31/03/2016","0,93302003","72029146,6",0,0,0,0,0,52,"ANBIMA"
"01/04/2016","0,93292166","72021551,89",0,0,0,0,0,52,"ANBIMA"
"04/04/2016","0,93282325","72013954,86",0,0,0,0,0,52,"ANBIMA"
"05/04/2016","0,93272477","72006352,32",0,0,0,0,0,52,"ANBIMA"
"06/04/2016","0,93262485","71998638,15",0,0,0,0,0,52,"ANBIMA"
"07/04/2016","0,93252506","71990934,95",0,0,0,0,0,52,"ANBIMA"
"08/04/2016","0,93242422","71983149,67",0,0,0,0,0,52,"ANBIMA"
"11/04/2016","0,93232336","71975363,1",0,0,0,0,0,52,"ANBIMA"
"12/04/2016","0,93222249","71967576,43",0,0,0,0,0,52,"ANBIMA"
"13/04/2016","0,93212137","71959770,04",0,0,0,0,0,52,"ANBIMA"
"14/04/2016","0,93202031","71951967,95",0,0,0,0,0,52,"ANBIMA"
"15/04/2016","0,93191921","71944162,68",0,0,0,0,0,52,"ANBIMA"
"18/04/2016","0,93181813","71936359,31",0,0,0,0,0,52,"ANBIMA"
"19/04/2016","0,93171706","71928557,22",0,0,0,0,0,52,"ANBIMA"
"20/04/2016","0,93161603","71920757,41",0,0,0,0,0,52,"ANBIMA"
"22/04/2016","0,93151495","71912953,98",0,0,0,0,0,52,"ANBIMA"
"25/04/2016","0,93141392","71905154,29",0,0,0,0,0,52,"ANBIMA"
"26/04/2016","0,9313129",71897356,0,0,0,0,0,52,"ANBIMA"
"27/04/2016","0,93121189","71889557,58",0,0,0,0,0,52,"ANBIMA"
"28/04/2016","0,93111079","71881753,03",0,0,0,0,0,52,"ANBIMA"
"29/04/2016","0,93100259","71873399,61",0,0,0,0,0,52,"ANBIMA"
"02/05/2016","0,93090165","71865607,18",0,0,0,0,0,52,"ANBIMA"
"03/05/2016","0,93080039","71857790,37",0,0,0,0,0,52,"ANBIMA"
"04/05/2016","0,9306995","71850001,52",0,0,0,0,0,52,"ANBIMA"
"05/05/2016","0,93059861","71842213,05",0,0,0,0,0,52,"ANBIMA"
"06/05/2016","0,93049677","71834350,78",0,0,0,0,0,52,"ANBIMA"
"09/05/2016","0,93039492","71826488,19",0,0,0,0,0,52,"ANBIMA"
"10/05/2016","0,93029307","71818625,32",0,0,0,0,0,52,"ANBIMA"
"11/05/2016","0,93019124","71810763,74",0,0,0,0,0,52,"ANBIMA"
"12/05/2016","0,93008943","71802903,91",0,0,0,0,0,52,"ANBIMA"
"13/05/2016","0,92998764","71795045,82",0,0,0,0,0,52,"ANBIMA"
"16/05/2016","0,92988585","71787187,89",0,0,0,0,0,52,"ANBIMA"
"17/05/2016","0,92978403","71779327,32",0,0,0,0,0,52,"ANBIMA"
"18/05/2016","0,92968227","71771470,9",0,0,0,0,0,52,"ANBIMA"
"19/05/2016","0,92958052","71763615,97",0,0,0,0,0,52,"ANBIMA"
"20/05/2016","0,92947877","71755761,03",0,0,0,0,0,52,"ANBIMA"
"23/05/2016","0,9293773","71747927,59",0,0,0,0,0,52,"ANBIMA"
"24/05/2016","0,92927583","71740094,2",0,0,0,0,0,52,"ANBIMA"
"25/05/2016","0,9291743","71732256,2",0,0,0,0,0,52,"ANBIMA"
"27/05/2016","0,9290721","71724366,38",0,0,0,0,0,52,"ANBIMA"
"30/05/2016","0,92891123","71711947,06",0,0,0,0,0,52,"ANBIMA"
"31/05/2016","0,92880961","71704101,97",0,0,0,0,0,52,"ANBIMA"
"01/06/2016","0,92870817","71696270,7",0,0,0,0,0,52,"ANBIMA"
"02/06/2016","0,92860683","71688447,37",0,0,0,0,0,52,"ANBIMA"
"03/06/2016","0,92850544","71680619,9",0,0,0,0,0,52,"ANBIMA"
"06/06/2016","0,92840406","71672793,79",0,0,0,0,0,52,"ANBIMA"
"07/06/2016","0,92830167","71664888,75",0,0,0,0,0,52,"ANBIMA"
"08/06/2016","0,92819928","71656984,12",0,0,0,0,0,52,"ANBIMA"
"09/06/2016","0,92809686","71649077,59",0,0,0,0,0,52,"ANBIMA"
"14/06/2016","0,92778959","71625356,35",0,0,0,0,0,52,"ANBIMA"
"15/06/2016","0,92768719","71617451,4",0,0,0,0,0,52,"ANBIMA"
"16/06/2016","0,92758409","71609492,11",0,0,0,0,0,52,"ANBIMA"
"17/06/2016","0,92757407","71608718,23",0,0,0,0,0,52,"ANBIMA"
"20/06/2016","0,92744784","71598973,2",0,0,0,0,0,52,"ANBIMA"
"21/06/2016","0,92734544","71591068,03",0,0,0,0,0,52,"ANBIMA"
"22/06/2016","0,9272431","71583167,57",0,0,0,0,0,52,"ANBIMA"
"23/06/2016","0,92714077","71575267,31",0,0,0,0,0,52,"ANBIMA"
"24/06/2016","0,92703844","71567367,87",0,0,0,0,0,52,"ANBIMA"
"27/06/2016","0,92693596","71559455,79",0,0,0,0,0,52,"ANBIMA"
"28/06/2016","0,92683348","71551544,41",0,0,0,0,0,52,"ANBIMA"
"29/06/2016","0,926731","71543633,02",0,0,0,0,0,52,"ANBIMA"
"30/06/2016","0,92662853","71535722,38",0,0,0,0,0,52,"ANBIMA"
"01/07/2016","0,93057437","76027925,77",4500000,4500000,0,0,0,52,"ANBIMA"
"04/07/2016","0,93047894","76020129,73",0,0,0,0,0,52,"ANBIMA"
"05/07/2016","0,93041048","76014536,55",0,0,0,0,0,52,"ANBIMA"
"06/07/2016","0,93025486","76001822,17",0,0,0,0,0,52,"ANBIMA"
"07/07/2016","0,93018644","75996232,25",0,0,0,0,0,52,"ANBIMA"
"08/07/2016","0,93011798","75990638,72",0,0,0,0,0,52,"ANBIMA"
"11/07/2016","0,93004952","75985046,17",0,0,0,0,0,52,"ANBIMA"
"12/07/2016","0,92998089","75979438,74",0,0,0,0,0,52,"ANBIMA"
"13/07/2016","0,92991178","75973792,14",0,0,0,0,0,52,"ANBIMA"
"14/07/2016","0,92984229","75968114,85",0,0,0,0,0,52,"ANBIMA"
"15/07/2016","0,92977289","75962444,93",0,0,0,0,0,52,"ANBIMA"
"18/07/2016","0,9297035","75956775,87",0,0,0,0,0,52,"ANBIMA"
"19/07/2016","0,92963412","75951107,38",0,0,0,0,0,52,"ANBIMA"
"20/07/2016","0,92956132","75945159,62",0,0,0,0,0,52,"ANBIMA"
"21/07/2016","0,9294919","75939488,43",0,0,0,0,0,52,"ANBIMA"
"22/07/2016","0,92942257","75933823,92",0,0,0,0,0,52,"ANBIMA"
"25/07/2016","0,92935666","75928439,24",0,0,0,0,0,52,"ANBIMA"
"26/07/2016","0,92928725","75922768,15",0,0,0,0,0,52,"ANBIMA"
"27/07/2016","0,92921786","75917098,99",0,0,0,0,0,52,"ANBIMA"
"28/07/2016","0,9291485","75911432,41",0,0,0,0,0,52,"ANBIMA"
"29/07/2016","0,92907914","75905765,55",0,0,0,0,0,52,"ANBIMA"
"01/08/2016","0,92900836","75899983,06",0,0,0,0,0,52,"ANBIMA"
"02/08/2016","0,92893919","75894331,47",0,0,0,0,0,52,"ANBIMA"
"03/08/2016","0,92887021","75888695,95",0,0,0,0,0,52,"ANBIMA"
"04/08/2016","0,92880128","75883064,19",0,0,0,0,0,52,"ANBIMA"
"05/08/2016","0,92873236","75877433,72",0,0,0,0,0,52,"ANBIMA"
"08/08/2016","0,92866343","75871802,08",0,0,0,0,0,52,"ANBIMA"
"09/08/2016","0,92859442","75866164,34",0,0,0,0,0,52,"ANBIMA"
"10/08/2016","0,92852542","75860526,5",0,0,0,0,0,52,"ANBIMA"
"11/08/2016","0,92845645","75854891,9",0,0,0,0,0,52,"ANBIMA"
"12/08/2016","0,92838739","75849249,74",0,0,0,0,0,52,"ANBIMA"
"15/08/2016","0,92831857","75843627,27",0,0,0,0,0,52,"ANBIMA"
"16/08/2016","0,92824879","75837926,3",0,0,0,0,0,52,"ANBIMA"
"17/08/2016","0,92817901","75832225,23",0,0,0,0,0,52,"ANBIMA"
"18/08/2016","0,92810921","75826522,7",0,0,0,0,0,52,"ANBIMA"
"19/08/2016","0,92803937","75820816,24",0,0,0,0,0,52,"ANBIMA"
"22/08/2016","0,92796939","75815099,01",0,0,0,0,0,52,"ANBIMA"
"23/08/2016","0,92789963","75809399,8",0,0,0,0,0,52,"ANBIMA"
"24/08/2016","0,92782932","75803655,36",0,0,0,0,0,52,"ANBIMA"
"25/08/2016","0,92773478","75795931,54",0,0,0,0,0,52,"ANBIMA"
"26/08/2016","0,927613","75785982,33",0,0,0,0,0,52,"ANBIMA"
"29/08/2016","0,92751924","75778321,89",0,0,0,0,0,52,"ANBIMA"
"30/08/2016","0,92742541","75770655,91",0,0,0,0,0,52,"ANBIMA"
"31/08/2016","0,92733182","75763009,4",0,0,0,0,0,52,"ANBIMA"
"01/09/2016","0,92723815","75755357,12",0,0,0,0,0,52,"ANBIMA"
"02/09/2016","0,92680307","75719810,99",0,0,0,0,0,52,"ANBIMA"
"05/09/2016","0,92670939","75712157,06",0,0,0,0,0,52,"ANBIMA"
"06/09/2016","0,92658603","75702078,91",0,0,0,0,0,52,"ANBIMA"
"08/09/2016","0,92658163","75701719,37",0,0,0,0,0,1,"ANBIMA"
"31/10/2016","0,92582876","77862198,51",0,0,0,0,0,53,"ANBIMA"
"01/11/2016","0,92575455","77855957,29",0,0,0,0,0,53,"ANBIMA"
"03/11/2016","0,92568034","77849716,65",0,0,0,0,0,53,"ANBIMA"
"04/11/2016","0,92560614","77843476,59",0,0,0,0,0,53,"ANBIMA"
"07/11/2016","0,92553195","77837237,17",0,0,0,0,0,53,"ANBIMA"
"08/11/2016","0,92545776","77830997,74",0,0,0,0,0,53,"ANBIMA"
"09/11/2016","0,92545776","77830997,74",0,0,0,0,0,53,"ANBIMA"
"10/11/2016","0,92497364","77790282,73",0,0,0,0,0,53,"ANBIMA"
"11/11/2016","0,92489858","77783970,45",0,0,0,0,0,53,"ANBIMA"
"14/11/2016","0,92482353","77777658,65",0,0,0,0,0,53,"ANBIMA"
"16/11/2016","0,92482353","77777658,65",0,0,0,0,0,53,"ANBIMA"
"17/11/2016","0,92467345","77765036,77",0,0,0,0,0,53,"ANBIMA"
"18/11/2016","0,92459842","77758726,82",0,0,0,0,0,53,"ANBIMA"
"21/11/2016","0,92452339","77752417,42",0,0,0,0,0,53,"ANBIMA"
"23/11/2016","0,92437337","77739800,19",0,0,0,0,0,53,"ANBIMA"
"24/11/2016","0,92429836","77733492,38",0,0,0,0,0,53,"ANBIMA"
"25/11/2016","0,92422337","77727185,15",0,0,0,0,0,53,"ANBIMA"
"28/11/2016","0,92414838","77720878,51",0,0,0,0,0,53,"ANBIMA"
"29/11/2016","0,92407339","77714572,43",0,0,0,0,0,53,"ANBIMA"
"30/11/2016","0,92399842","77708266,88",0,0,0,0,0,53,"ANBIMA"
"01/12/2016","0,92392361","77701975,63",0,0,0,0,0,53,"ANBIMA"
"02/12/2016","0,92384879","77695682,86",0,0,0,0,0,53,"ANBIMA"
"05/12/2016","0,92377397","77689390,62",0,0,0,0,0,53,"ANBIMA"
"06/12/2016","0,92369916","77683098,94",0,0,0,0,0,53,"ANBIMA"
"07/12/2016","0,92332604","77651719,73",0,0,0,0,0,53,"ANBIMA"
"08/12/2016","0,92325114","77645420,69",0,0,0,0,0,53,"ANBIMA"
"09/12/2016","0,92317548","77639058,23",0,0,0,0,0,53,"ANBIMA"
"12/12/2016","0,92309984","77632696,31",0,0,0,0,0,53,"ANBIMA"
"13/12/2016","0,9230242","77626334,9",0,0,0,0,0,53,"ANBIMA"
"14/12/2016","0,92294856","77619974,05",0,0,0,0,0,53,"ANBIMA"
"15/12/2016","0,92287293","77613613,7",0,0,0,0,0,53,"ANBIMA"
"16/12/2016","0,92279731","77607253,89",0,0,0,0,0,53,"ANBIMA"
"19/12/2016","0,9227217","77600894,6",0,0,0,0,0,53,"ANBIMA"
"20/12/2016","0,92264609","77594535,83",0,0,0,0,0,53,"ANBIMA"
"21/12/2016","0,92257048","77588177,57",0,0,0,0,0,53,"ANBIMA"
"22/12/2016","0,92249489","77581819,87",0,0,0,0,0,53,"ANBIMA"
"23/12/2016","0,9224193","77575462,72",0,0,0,0,0,53,"ANBIMA"
"26/12/2016","0,92234219","77568978,35",0,0,0,0,0,53,"ANBIMA"
"27/12/2016","0,92226619","77562586,43",0,0,0,0,0,53,"ANBIMA"
"28/12/2016","0,92219019","77556195,03",0,0,0,0,0,53,"ANBIMA"
"29/12/2016","0,9221163","77549981,21",0,0,0,0,0,53,"ANBIMA"
"30/12/2016","0,92204127","77543670,77",0,0,0,0,0,53,"ANBIMA"
"02/01/2017","0,92196572","77537316,74",0,0,0,0,0,53,"ANBIMA"
"03/01/2017","0,92189017","77530963,23",0,0,0,0,0,53,"ANBIMA"
"04/01/2017","0,92181463","77524610,24",0,0,0,0,0,53,"ANBIMA"
"05/01/2017","0,92173909","77518257,83",0,0,0,0,0,53,"ANBIMA"
"06/01/2017","0,92490259","77784308,23",0,0,0,0,0,53,"ANBIMA"
"09/01/2017","0,9248276","77778000,84",0,0,0,0,0,53,"ANBIMA"
"10/01/2017","0,92465395","77763396,99",0,0,0,0,0,53,"ANBIMA"
"11/01/2017","0,92458023","77757197,47",0,0,0,0,0,53,"ANBIMA"
"12/01/2017","0,92450652","77750998,13",0,0,0,0,0,53,"ANBIMA"
"13/01/2017","0,92443275",77744794,0,0,0,0,0,53,"ANBIMA"
"16/01/2017","0,92435898","77738590,4",0,0,0,0,0,53,"ANBIMA"
"17/01/2017","0,92428522","77732387,38",0,0,0,0,0,53,"ANBIMA"
"18/01/2017","0,92421147","77726184,91",0,0,0,0,0,54,"ANBIMA"
"19/01/2017","0,92413773","77719983,03",0,0,0,0,0,54,"ANBIMA"
"20/01/2017","0,92406399","77713781,68",0,0,0,0,0,54,"ANBIMA"
"23/01/2017","0,92399026","77707580,67",0,0,0,0,0,54,"ANBIMA"
"24/01/2017","0,92391652","77701379,66",0,0,0,0,0,54,"ANBIMA"
"25/01/2017","0,9238428","77695179,26",0,0,0,0,0,54,"ANBIMA"
"26/01/2017","0,92376909","77688980,22",0,0,0,0,0,54,"ANBIMA"
"27/01/2017","0,92369537","77682780,85",0,0,0,0,0,54,"ANBIMA"
"30/01/2017","0,92362167","77676582,13",0,0,0,0,0,54,"ANBIMA"
"31/01/2017","0,92354797","77670384,12",0,0,0,0,0,54,"ANBIMA"
"01/02/2017","0,92345708","77662740,1",0,0,0,0,0,54,"ANBIMA"
"02/02/2017","0,92338302","77656512,03",0,0,0,0,0,54,"ANBIMA"
"03/02/2017","0,92330897","77650284,42",0,0,0,0,0,54,"ANBIMA"
"06/02/2017","0,92323493","77644057,41",0,0,0,0,0,54,"ANBIMA"
"07/02/2017","0,92424207","77728758,49",0,0,0,0,0,54,"ANBIMA"
"08/02/2017","0,92275718","77603879,04",0,0,0,0,0,54,"ANBIMA"
"09/02/2017","0,92266977","77596528,04",0,0,0,0,0,54,"ANBIMA"
"10/02/2017","0,92257668","77588698,96",0,0,0,0,0,54,"ANBIMA"
"13/02/2017","0,92250177","77582398,5",0,0,0,0,0,54,"ANBIMA"
"14/02/2017","0,92242686","77576098,58",0,0,0,0,0,54,"ANBIMA"
"15/02/2017","0,92235195","77569799,18",0,0,0,0,0,54,"ANBIMA"
"16/02/2017","0,92227705","77563500,26",0,0,0,0,0,54,"ANBIMA"
"17/02/2017","0,92220216","77557201,85",0,0,0,0,0,54,"ANBIMA"
"20/02/2017","0,92212728","77550903,96",0,0,0,0,0,54,"ANBIMA"
"21/02/2017","0,92211723","77550059,37",0,0,0,0,0,54,"ANBIMA"
"22/02/2017","0,92204235","77543762,05",0,0,0,0,0,54,"ANBIMA"
"23/02/2017","0,92196748","77537465,23",0,0,0,0,0,54,"ANBIMA"
"24/02/2017","0,9218926","77531167,57",0,0,0,0,0,54,"ANBIMA"
"01/03/2017","0,92181811","77524903,06",0,0,0,0,0,54,"ANBIMA"
"02/03/2017","0,92174363","77518639,06",0,0,0,0,0,54,"ANBIMA"
"03/03/2017","0,92636212","77907053,96",0,0,0,0,0,54,"ANBIMA"
"06/03/2017","0,92628933","77900932,54",0,0,0,0,0,54,"ANBIMA"
"07/03/2017","0,92592926","77870650,69",0,0,0,0,0,54,"ANBIMA"
"08/03/2017","0,9258564","77864522,88",0,0,0,0,0,54,"ANBIMA"
"09/03/2017","0,92578342","77858385,59",0,0,0,0,0,54,"ANBIMA"
"10/03/2017","0,92564636","77846859,01",0,0,0,0,0,54,"ANBIMA"
"13/03/2017","0,92557286","77840677,49",0,0,0,0,0,54,"ANBIMA"
"14/03/2017","0,92549937","77834496,61",0,0,0,0,0,54,"ANBIMA"
"15/03/2017","0,92542528","77828265,92",0,0,0,0,0,54,"ANBIMA"
"17/03/2017","0,92527713","77815806,35",0,0,0,0,0,54,"ANBIMA"
"21/03/2017","0,925129","77803348,71",0,0,0,0,0,54,"ANBIMA"
"22/03/2017","0,92505494","77797120,73",0,0,0,0,0,54,"ANBIMA"
"23/03/2017","0,9249809","77790893,29",0,0,0,0,0,54,"ANBIMA"
"24/03/2017","0,92490685","77784666,37",0,0,0,0,0,54,"ANBIMA"
"27/03/2017","0,92483282","77778439,98",0,0,0,0,0,54,"ANBIMA"
"28/03/2017","0,92475879","77772214,21",0,0,0,0,0,54,"ANBIMA"
"29/03/2017","0,92468476","77765988,72",0,0,0,0,0,54,"ANBIMA"
"30/03/2017","0,92461075","77759764,02",0,0,0,0,0,54,"ANBIMA"
"31/03/2017","0,92453674","77753539,82",0,0,0,0,0,54,"ANBIMA"
"03/04/2017","0,92446231","77747279,95",0,0,0,0,0,54,"ANBIMA"
"04/04/2017","0,92438788","77741020,65",0,0,0,0,0,54,"ANBIMA"
"05/04/2017","0,92431346","77734761,9",0,0,0,0,0,54,"ANBIMA"
"06/04/2017","0,92420396","77725553,3",0,0,0,0,0,54,"ANBIMA"
"07/04/2017","0,92378729","77690510,74",0,0,0,0,0,54,"ANBIMA"
"10/04/2017","0,92358926","77673856,8",0,0,0,0,0,54,"ANBIMA"
"11/04/2017","0,9236312","77677383,68",0,0,0,0,0,54,"ANBIMA"
"12/04/2017","0,92355456","77670938,35",0,0,0,0,0,54,"ANBIMA"
"13/04/2017","0,92347793","77664493,55",0,0,0,0,0,54,"ANBIMA"
"17/04/2017","0,92340125","77658045,2",0,0,0,0,0,54,"ANBIMA"
"18/04/2017","0,92332458","77651597,43",0,0,0,0,0,54,"ANBIMA"
"19/04/2017","0,92324792","77645150,1",0,0,0,0,0,54,"ANBIMA"
"20/04/2017","0,92317126","77638703,3",0,0,0,0,0,54,"ANBIMA"
"24/04/2017","0,92309461","77632257,07",0,0,0,0,0,54,"ANBIMA"
"26/04/2017","0,92294133","77619366,12",0,0,0,0,0,54,"ANBIMA"
"27/04/2017","0,9228647","77612921,55",0,0,0,0,0,54,"ANBIMA"
"28/04/2017","0,92278808","77606477,42",0,0,0,0,0,54,"ANBIMA"
"02/05/2017","0,92270238","77599269,9",0,0,0,0,0,54,"ANBIMA"
"04/05/2017","0,92254987","77586444,45",0,0,0,0,0,54,"ANBIMA"
"05/05/2017","0,92247363","77580032,53",0,0,0,0,0,54,"ANBIMA"
"09/05/2017","0,93749278","78843142,63",0,0,0,0,0,54,"ANBIMA"
"11/05/2017","0,93733158","78829586,2",0,0,0,0,0,54,"ANBIMA"
"12/05/2017","0,93725362","78823029,31",0,0,0,0,0,54,"ANBIMA"
"15/05/2017","0,93717566","78816472,96",0,0,0,0,0,54,"ANBIMA"
"16/05/2017","0,93709771","78809917,12",0,0,0,0,0,54,"ANBIMA"
"17/05/2017","0,93701976","78803361,81",0,0,0,0,0,54,"ANBIMA"
"18/05/2017","0,93694182","78796807,01",0,0,0,0,0,54,"ANBIMA"
"19/05/2017","0,93686389","78790252,76",0,0,0,0,0,54,"ANBIMA"
"22/05/2017","0,93678596",78783699,0,0,0,0,0,54,"ANBIMA"
"23/05/2017","0,93670804","78777145,78",0,0,0,0,0,54,"ANBIMA"
"24/05/2017","0,93663012","78770593,08",0,0,0,0,0,54,"ANBIMA"
"25/05/2017","0,93655221","78764040,89",0,0,0,0,0,54,"ANBIMA"
"26/05/2017","0,93647431","78757489,21",0,0,0,0,0,54,"ANBIMA"
"29/05/2017","0,93639641","78750938,08",0,0,0,0,0,54,"ANBIMA"
"30/05/2017","0,93631852","78744387,45",0,0,0,0,0,54,"ANBIMA"
"31/05/2017","0,93624063","78737837,34",0,0,0,0,0,54,"ANBIMA"
"01/06/2017","1,29310054","108749755,46",0,0,0,0,0,54,"ANBIMA"
"02/06/2017","1,29299426","108740817,47",0,0,0,0,0,54,"ANBIMA"
"07/06/2017","1,29231543","108683727,84",0,0,0,0,0,55,"ANBIMA"
"08/06/2017","1,29220922","108674795,1",0,0,0,0,0,55,"ANBIMA"
"09/06/2017","1,29210301","108665863,07",0,0,0,0,0,55,"ANBIMA"
"12/06/2017","1,29199681","108656931,75",0,0,0,0,0,55,"ANBIMA"
"13/06/2017","1,29189062","108648001,13",0,0,0,0,0,55,"ANBIMA"
"14/06/2017","1,29178444","108639071,22",0,0,0,0,0,55,"ANBIMA"
"16/06/2017","1,29167826","108630142,03",0,0,0,0,0,55,"ANBIMA"
"19/06/2017","1,2915721","108621213,54",0,0,0,0,0,55,"ANBIMA"
"20/06/2017","1,29146594","108612285,77",0,0,0,0,0,55,"ANBIMA"
"21/06/2017","1,29135979","108603358,7",0,0,0,0,0,55,"ANBIMA"
"22/06/2017","1,29125365","108594432,35",0,0,0,0,0,55,"ANBIMA"
"23/06/2017","1,29114752","108585506,68",0,0,0,0,0,55,"ANBIMA"
"26/06/2017","1,2910414","108576581,75",0,0,0,0,0,55,"ANBIMA"
"27/06/2017","1,29093529","108567657,51",0,0,0,0,0,55,"ANBIMA"
"28/06/2017","1,29082918","108558733,99",0,0,0,0,0,55,"ANBIMA"
"30/06/2017","1,33212908","112032055,71",0,0,0,0,0,55,"ANBIMA"
"03/07/2017","1,33201971","112022857,23",0,0,0,0,0,55,"ANBIMA"
"04/07/2017","1,33191034","112013659,48",0,0,0,0,0,55,"ANBIMA"
"05/07/2017","1,33180098","112004462,46",0,0,0,0,0,55,"ANBIMA"
"06/07/2017","1,3317117","111996953,63",0,0,0,0,0,55,"ANBIMA"
"07/07/2017","1,33101827","111938636,25",0,0,0,0,0,55,"ANBIMA"
"10/07/2017","1,3314014","111970857,85",0,0,0,0,0,55,"ANBIMA"
"11/07/2017","1,2803164","107674609,37",0,0,0,0,0,55,"ANBIMA"
"12/07/2017","1,280213","107665913,34",0,0,0,0,0,55,"ANBIMA"
"13/07/2017","1,28010961","107657218,01",0,0,0,0,0,55,"ANBIMA"
"14/07/2017","1,28000622","107648523,43",0,0,0,0,0,55,"ANBIMA"
"17/07/2017","1,33095778","111933549,3",0,0,0,0,0,56,"ANBIMA"
"18/07/2017","1,27979948","107631136,36",0,0,0,0,0,55,"ANBIMA"
"19/07/2017","1,279696","107622433,61",0,0,0,0,0,55,"ANBIMA"
"20/07/2017","1,27959264","107613741,19",0,0,0,0,0,55,"ANBIMA"
"21/07/2017","1,27948929","107605049,38",0,0,0,0,0,55,"ANBIMA"
"24/07/2017","1,27938595","107596358,38",0,0,0,0,0,55,"ANBIMA"
"25/07/2017","1,27918555","107579504,82",0,0,0,0,0,55,"ANBIMA"
"26/07/2017","1,27917798","107578868,1",0,0,0,0,0,55,"ANBIMA"
"27/07/2017","1,27907401","107570123,83",0,0,0,0,0,55,"ANBIMA"
"28/07/2017","1,27896998","107561375,72",0,0,0,0,0,55,"ANBIMA"
"31/07/2017","1,27886597","107552628,35",0,0,0,0,0,55,"ANBIMA"
"01/08/2017","1,27876212","107543894,12",0,0,0,0,0,55,"ANBIMA"
"02/08/2017","1,27865827","107535160,56",0,0,0,0,0,55,"ANBIMA"
"03/08/2017","1,27855443","107526427,75",0,0,0,0,0,55,"ANBIMA"
"04/08/2017","1,27833822","107508244,49",0,0,0,0,0,55,"ANBIMA"
"07/08/2017","1,27800285","107480039,42",0,0,0,0,0,55,"ANBIMA"
"08/08/2017","1,27789943","107471342,19",0,0,0,0,0,55,"ANBIMA"
"09/08/2017","1,27779594","107462638,91",0,0,0,0,0,55,"ANBIMA"
"10/08/2017","1,27769234","107453925,7",0,0,0,0,0,55,"ANBIMA"
"11/08/2017","1,27758812","107445160,85",0,0,0,0,0,55,"ANBIMA"
"14/08/2017","1,27748391","107436396,66",0,0,0,0,0,55,"ANBIMA"
"15/08/2017","1,27737213","107426996,18",0,0,0,0,0,55,"ANBIMA"
"16/08/2017","1,27726793","107418233,24",0,0,0,0,0,55,"ANBIMA"
"17/08/2017","1,27716375","107409471,01",0,0,0,0,0,55,"ANBIMA"
"18/08/2017","1,27705957","107400709,44",0,0,0,0,0,55,"ANBIMA"
"21/08/2017","1,27695539","107391948,6",0,0,0,0,0,55,"ANBIMA"
"22/08/2017","1,2768533","107383362,35",0,0,0,0,0,55,"ANBIMA"
"23/08/2017","1,2767151","107371736,6",0,0,0,0,0,55,"ANBIMA"
"24/08/2017","1,2766443","107365787,65",0,0,0,0,0,55,"ANBIMA"
"25/08/2017","1,2765399","107357001,28",0,0,0,0,0,55,"ANBIMA"
"28/08/2017","1,2764016","107345377,69",0,0,0,0,0,55,"ANBIMA"
"29/08/2017","1,2762972","107336592,94",0,0,0,0,0,55,"ANBIMA"
"30/08/2017","1,2761927","107327808,89",0,0,0,0,0,55,"ANBIMA"
"31/08/2017","1,2760883","107319025,45",0,0,0,0,0,55,"ANBIMA"
"01/09/2017","1,2759846","107310307,13",0,0,0,0,0,55,"ANBIMA"
"04/09/2017","1,275881","107301589,44",0,0,0,0,0,55,"ANBIMA"
"05/09/2017","1,2757773","107292872,44",0,0,0,0,0,55,"ANBIMA"
"06/09/2017","1,2756737","107284156,14",0,0,0,0,0,55,"ANBIMA"
"08/09/2017","1,2752216","107246135,27",0,0,0,0,0,55,"ANBIMA"
